Official English,Speak-write gap,Region,Test type,Year,Overall band,Listening,Reading
Official English,0.3,South Asia,Academic,2022-2023,6.1,6.3,5.8
Not official,0.3,South Asia,Academic,2022-2023,6.1,6.2,5.7
Not official,0.8,Latin America & Caribbean,Academic,2022-2023,6.9,7.0,7.2
Not official,0.3,East Asia & Pacific,Academic,2022-2023,5.9,6.1,5.8
Not official,-0.2,East Asia & Pacific,Academic,2022-2023,6.1,6.1,6.4
Not official,0.6,Latin America & Caribbean,Academic,2022-2023,6.6,6.7,6.9
Not official,0.7,Middle East & North Africa,Academic,2022-2023,6.6,7.0,6.5
Not official,0.4,Europe & Central Asia,Academic,2022-2023,6.8,7.0,7.1
Official English,0.8,Sub-Saharan Africa,Academic,2022-2023,6.7,6.8,6.2
Official English,0.1,East Asia & Pacific,Academic,2022-2023,6.7,7.1,6.9
Official English,0.2,South Asia,Academic,2022-2023,6.2,6.6,6.0
Not official,0.3,East Asia & Pacific,Academic,2022-2023,6.7,7.0,6.9
Not official,0.7,Middle East & North Africa,Academic,2022-2023,6.5,6.7,6.4
Not official,0.5,Europe & Central Asia,Academic,2022-2023,6.9,7.2,7.5
Not official,-0.2,East Asia & Pacific,Academic,2022-2023,5.9,6.0,6.1
Not official,0.7,Middle East & North Africa,Academic,2022-2023,6.4,6.7,6.2
Not official,0.3,Europe & Central Asia,Academic,2022-2023,6.3,6.5,6.4
Official English,0.7,Sub-Saharan Africa,Academic,2022-2023,6.6,6.8,6.3
Not official,0.0,East Asia & Pacific,Academic,2022-2023,6.2,6.5,6.4
Not official,0.7,Middle East & North Africa,Academic,2022-2023,5.5,5.6,5.2
Official English,0.4,East Asia & Pacific,Academic,2022-2023,7.0,7.5,7.2
Not official,0.6,Latin America & Caribbean,Academic,2022-2023,6.6,6.8,6.8
Not official,0.2,East Asia & Pacific,Academic,2022-2023,6.6,6.9,6.7
Not official,0.0,South Asia,Academic,2022-2023,6.1,6.5,5.9
Official English,0.8,Sub-Saharan Africa,Academic,2022-2023,6.7,6.8,6.4
Not official,0.3,Middle East & North Africa,Academic,2022-2023,5.3,5.2,5.0
Official English,0.3,South Asia,Academic,2022-2023,6.2,6.5,6.1
Official English,0.6,East Asia & Pacific,Academic,2022-2023,6.8,7.2,6.6
Not official,0.7,Middle East & North Africa,Academic,2022-2023,5.5,5.7,5.1
Not official,0.6,Europe & Central Asia,Academic,2022-2023,6.9,7.2,7.2
Not official,0.8,Middle East & North Africa,Academic,2022-2023,5.8,5.9,5.5
Not official,0.6,Europe & Central Asia,Academic,2022-2023,7.1,7.4,7.4
Official English,0.4,South Asia,Academic,2022-2023,6.4,6.7,6.2
Not official,0.1,East Asia & Pacific,Academic,2022-2023,6.1,6.3,6.1
Not official,0.3,Europe & Central Asia,Academic,2022-2023,6.5,6.8,6.7
Official English,0.6,Middle East & North Africa,Academic,2022-2023,5.4,5.5,5.1
Not official,0.1,Europe & Central Asia,Academic,2022-2023,5.8,6.0,5.7
Not official,-0.2,East Asia & Pacific,Academic,2022-2023,6.2,6.4,6.4
Official English,0.9,Sub-Saharan Africa,Academic,2022-2023,6.8,7.0,6.5
Not official,0.42,Europe & Central Asia,Academic,2023-2024,6.5611,6.8581,6.6027
Official English,0.12,South Asia,Academic,2023-2024,5.8088,5.9795,5.5838
Not official,0.31,East Asia & Pacific,Academic,2023-2024,6.0228,6.1791,5.77
Not official,-0.23,East Asia & Pacific,Academic,2023-2024,5.9392,5.9342,6.2554
Not official,0.49,Latin America & Caribbean,Academic,2023-2024,6.595,6.7395,6.8399
Not official,0.57,Middle East & North Africa,Academic,2023-2024,6.6547,7.0245,6.5796
Not official,0.52,Europe & Central Asia,Academic,2023-2024,6.8519,7.1126,7.1072
Official English,0.8,Sub-Saharan Africa,Academic,2023-2024,6.5801,6.7409,6.0454
Official English,0.16,East Asia & Pacific,Academic,2023-2024,6.677,7.0479,6.8367
Official English,0.1,South Asia,Academic,2023-2024,6.3413,6.6467,6.136
Not official,0.28,East Asia & Pacific,Academic,2023-2024,6.6799,7.02,6.8919
Not official,0.52,Middle East & North Africa,Academic,2023-2024,6.4498,6.6158,6.3565
Not official,0.44,Europe & Central Asia,Academic,2023-2024,6.9878,7.315,7.4818
Not official,-0.19,East Asia & Pacific,Academic,2023-2024,5.8649,5.9462,6.0566
Not official,0.8,Middle East & North Africa,Academic,2023-2024,6.499,6.7417,6.3228
Not official,0.29,Europe & Central Asia,Academic,2023-2024,6.2968,6.56,6.3968
Official English,0.66,Sub-Saharan Africa,Academic,2023-2024,6.6135,6.7407,6.2742
Not official,-0.06,East Asia & Pacific,Academic,2023-2024,6.2705,6.5203,6.4895
Not official,0.66,Middle East & North Africa,Academic,2023-2024,5.6242,5.7198,5.2492
Official English,0.35,East Asia & Pacific,Academic,2023-2024,7.0634,7.5422,7.2289
Not official,0.57,Latin America & Caribbean,Academic,2023-2024,6.5444,6.7382,6.6854
Not official,0.51,East Asia & Pacific,Academic,2023-2024,6.3215,6.6509,6.2985
Not official,0.14,East Asia & Pacific,Academic,2023-2024,6.5813,6.8997,6.7661
Not official,0.0,South Asia,Academic,2023-2024,6.2173,6.5818,6.0185
Official English,0.76,Sub-Saharan Africa,Academic,2023-2024,6.7046,6.8171,6.3304
Not official,0.42,Middle East & North Africa,Academic,2023-2024,5.4292,5.2914,5.0062
Official English,0.34,South Asia,Academic,2023-2024,6.3055,6.5598,6.1603
Official English,0.55,East Asia & Pacific,Academic,2023-2024,6.806,7.1886,6.6851
Not official,0.5,Europe & Central Asia,Academic,2023-2024,6.8517,7.1856,7.0984
Not official,0.79,Middle East & North Africa,Academic,2023-2024,5.8354,5.9769,5.5757
Not official,0.58,Europe & Central Asia,Academic,2023-2024,7.0702,7.4522,7.3798
Official English,0.39,South Asia,Academic,2023-2024,6.3488,6.6459,6.1858
Not official,0.13,East Asia & Pacific,Academic,2023-2024,6.1231,6.4217,6.1715
Not official,0.29,Europe & Central Asia,Academic,2023-2024,6.4685,6.8056,6.6081
Not official,0.65,Europe & Central Asia,Academic,2023-2024,6.597,6.9082,6.6567
Official English,0.74,Middle East & North Africa,Academic,2023-2024,5.498,5.5977,5.1074
Not official,0.04,Europe & Central Asia,Academic,2023-2024,5.9851,6.2745,5.8998
Not official,-0.35,East Asia & Pacific,Academic,2023-2024,6.1646,6.3138,6.4117
Official English,0.97,Sub-Saharan Africa,Academic,2023-2024,6.942,7.1689,6.5714
Not official,0.51,Europe & Central Asia,Academic,2024-2025,6.5951,6.585,6.895
Official English,0.05,South Asia,Academic,2024-2025,6.004,5.816,6.2321
Not official,0.24,East Asia & Pacific,Academic,2024-2025,6.0292,5.7891,6.2061
Not official,-0.25,East Asia & Pacific,Academic,2024-2025,5.9068,6.2093,5.9039
Not official,0.43,Latin America & Caribbean,Academic,2024-2025,6.5305,6.7741,6.666
Not official,0.55,Middle East & North Africa,Academic,2024-2025,6.6714,6.6056,7.066
Not official,0.48,Europe & Central Asia,Academic,2024-2025,6.8454,7.1025,7.143
Not official,0.89,Europe & Central Asia,Academic,2024-2025,7.574,7.7991,8.1034
Official English,0.78,Sub-Saharan Africa,Academic,2024-2025,6.6304,6.1095,6.8133
Official English,0.14,East Asia & Pacific,Academic,2024-2025,6.629,6.786,6.9814
Official English,0.23,South Asia,Academic,2024-2025,6.5786,6.409,6.9375
Not official,0.19,East Asia & Pacific,Academic,2024-2025,6.683,6.8929,7.0688
Not official,0.58,Middle East & North Africa,Academic,2024-2025,6.5448,6.4675,6.7211
Not official,0.41,Europe & Central Asia,Academic,2024-2025,7.0004,7.488,7.3607
Not official,-0.19,East Asia & Pacific,Academic,2024-2025,5.8243,5.9941,5.932
Not official,0.79,Middle East & North Africa,Academic,2024-2025,6.5304,6.3444,6.8101
Not official,0.33,Europe & Central Asia,Academic,2024-2025,6.2532,6.3013,6.4961
Official English,0.7,Sub-Saharan Africa,Academic,2024-2025,6.7031,6.359,6.8836
Not official,-0.07,East Asia & Pacific,Academic,2024-2025,6.2769,6.5062,6.5257
Not official,0.64,Middle East & North Africa,Academic,2024-2025,5.6115,5.2697,5.721
Official English,0.28,East Asia & Pacific,Academic,2024-2025,7.061,7.2216,7.5709
Not official,0.52,Latin America & Caribbean,Academic,2024-2025,6.5385,6.6773,6.7366
Not official,0.45,East Asia & Pacific,Academic,2024-2025,6.3467,6.362,6.7776
Not official,0.12,East Asia & Pacific,Academic,2024-2025,6.5538,6.71,6.9216
Not official,0.03,South Asia,Academic,2024-2025,6.2137,6.0188,6.5704
Official English,0.79,Sub-Saharan Africa,Academic,2024-2025,6.7151,6.3579,6.8705
Not official,0.45,Middle East & North Africa,Academic,2024-2025,5.4078,5.0122,5.1984
Official English,0.32,South Asia,Academic,2024-2025,6.3797,6.2385,6.6464
Official English,0.53,East Asia & Pacific,Academic,2024-2025,6.8101,6.6724,7.1888
Not official,0.5,Europe & Central Asia,Academic,2024-2025,6.8557,7.094,7.1914
Not official,0.8,Middle East & North Africa,Academic,2024-2025,5.8483,5.5931,5.9878
Not official,0.57,Europe & Central Asia,Academic,2024-2025,7.091,7.3894,7.4943
Official English,0.34,South Asia,Academic,2024-2025,6.4515,6.3587,6.7834
Not official,0.11,East Asia & Pacific,Academic,2024-2025,6.3103,6.5064,6.5836
Not official,0.14,East Asia & Pacific,Academic,2024-2025,6.1981,6.2399,6.5434
Not official,0.29,Europe & Central Asia,Academic,2024-2025,6.4339,6.5499,6.781
Not official,0.62,Europe & Central Asia,Academic,2024-2025,6.5932,6.6608,6.9196
Official English,0.79,Middle East & North Africa,Academic,2024-2025,5.5037,5.1369,5.6141
Not official,0.05,Europe & Central Asia,Academic,2024-2025,6.0735,5.9921,6.3746
Not official,-0.46,East Asia & Pacific,Academic,2024-2025,6.2013,6.4854,6.3839
Not official,0.3,Latin America & Caribbean,General Training,2022-2023,6.4,6.5,6.4
Official English,0.3,South Asia,General Training,2022-2023,5.7,5.8,5.1
Not official,0.5,Latin America & Caribbean,General Training,2022-2023,6.6,6.7,6.7
Official English,0.1,Sub-Saharan Africa,General Training,2022-2023,5.7,5.5,5.1
Not official,0.1,Latin America & Caribbean,General Training,2022-2023,6.1,6.2,6.1
Not official,0.0,East Asia & Pacific,General Training,2022-2023,6.3,6.5,6.5
Not official,0.4,Latin America & Caribbean,General Training,2022-2023,6.3,6.3,6.3
Not official,0.5,Middle East & North Africa,General Training,2022-2023,6.4,6.6,6.2
Not official,0.5,Europe & Central Asia,General Training,2022-2023,7.0,7.2,7.2
Official English,0.8,Sub-Saharan Africa,General Training,2022-2023,6.2,6.1,5.4
Official English,0.1,East Asia & Pacific,General Training,2022-2023,6.5,6.8,6.6
Official English,0.3,South Asia,General Training,2022-2023,6.4,6.7,6.1
Not official,0.0,East Asia & Pacific,General Training,2022-2023,5.8,5.9,5.5
Not official,0.4,Middle East & North Africa,General Training,2022-2023,6.1,6.2,5.8
Not official,0.4,Europe & Central Asia,General Training,2022-2023,6.4,6.6,6.4
Not official,0.0,East Asia & Pacific,General Training,2022-2023,5.9,6.0,5.7
Not official,0.6,Middle East & North Africa,General Training,2022-2023,6.3,6.4,6.0
Official English,0.7,Sub-Saharan Africa,General Training,2022-2023,6.4,6.3,5.8
Not official,0.0,East Asia & Pacific,General Training,2022-2023,5.9,6.1,5.8
Not official,0.3,Middle East & North Africa,General Training,2022-2023,6.7,7.0,6.6
Official English,0.4,East Asia & Pacific,General Training,2022-2023,6.7,7.0,6.6
Official English,0.3,Sub-Saharan Africa,General Training,2022-2023,6.7,6.9,6.5
Not official,0.5,Latin America & Caribbean,General Training,2022-2023,6.5,6.7,6.5
Not official,0.5,Middle East & North Africa,General Training,2022-2023,6.2,6.2,6.0
Not official,0.0,South Asia,General Training,2022-2023,5.6,5.9,5.1
Official English,0.7,Sub-Saharan Africa,General Training,2022-2023,6.5,6.3,5.8
Official English,0.3,South Asia,General Training,2022-2023,6.3,6.5,5.9
Official English,0.2,East Asia & Pacific,General Training,2022-2023,5.9,6.0,5.3
Not official,0.4,Europe & Central Asia,General Training,2022-2023,6.9,7.1,7.1
Not official,0.6,Middle East & North Africa,General Training,2022-2023,4.9,5.1,4.3
Official English,1.5,Sub-Saharan Africa,General Training,2022-2023,7.1,7.1,6.6
Not official,0.2,Europe & Central Asia,General Training,2022-2023,6.6,6.7,6.7
Official English,0.5,South Asia,General Training,2022-2023,6.3,6.5,6.0
Not official,0.0,East Asia & Pacific,General Training,2022-2023,5.3,5.3,4.9
Not official,0.2,Europe & Central Asia,General Training,2022-2023,6.1,6.2,6.0
Official English,0.7,Sub-Saharan Africa,General Training,2022-2023,5.9,5.6,5.1
Official English,1.3,North America,General Training,2022-2023,8.1,8.3,7.9
Not official,-0.3,East Asia & Pacific,General Training,2022-2023,5.8,5.9,5.7
Official English,0.6,Sub-Saharan Africa,General Training,2022-2023,6.2,6.0,5.5
Not official,0.14,Latin America & Caribbean,General Training,2023-2024,6.2896,6.3654,6.3213
Official English,0.04,South Asia,General Training,2023-2024,5.3122,5.4624,4.6267
Not official,0.47,Latin America & Caribbean,General Training,2023-2024,6.5843,6.6772,6.5906
Official English,0.17,Sub-Saharan Africa,General Training,2023-2024,5.6497,5.3826,4.9059
Not official,0.1,Latin America & Caribbean,General Training,2023-2024,6.0215,6.0676,5.9587
Not official,-0.05,East Asia & Pacific,General Training,2023-2024,6.2139,6.3302,6.2949
Not official,0.32,Latin America & Caribbean,General Training,2023-2024,6.2983,6.3456,6.2342
Not official,0.39,Middle East & North Africa,General Training,2023-2024,6.4242,6.5956,6.2294
Not official,0.46,Europe & Central Asia,General Training,2023-2024,6.8898,7.1068,7.0103
Official English,0.73,Sub-Saharan Africa,General Training,2023-2024,5.979,5.8224,4.9693
Official English,0.13,East Asia & Pacific,General Training,2023-2024,6.6773,6.9707,6.7277
Official English,0.19,South Asia,General Training,2023-2024,6.3789,6.7025,6.0764
Not official,-0.04,East Asia & Pacific,General Training,2023-2024,5.6808,5.7374,5.3872
Not official,0.31,Middle East & North Africa,General Training,2023-2024,6.1806,6.2417,5.9066
Not official,0.4,Europe & Central Asia,General Training,2023-2024,6.5469,6.7208,6.5881
Not official,-0.03,East Asia & Pacific,General Training,2023-2024,5.7605,5.8861,5.5889
Official English,0.7,Sub-Saharan Africa,General Training,2023-2024,6.3942,6.3068,5.7252
Not official,-0.04,East Asia & Pacific,General Training,2023-2024,6.0061,6.1958,5.9173
Not official,0.36,Middle East & North Africa,General Training,2023-2024,6.6295,6.8716,6.3959
Official English,0.33,East Asia & Pacific,General Training,2023-2024,6.7753,7.06,6.6944
Not official,0.46,Latin America & Caribbean,General Training,2023-2024,6.5339,6.6604,6.485
Not official,0.55,Middle East & North Africa,General Training,2023-2024,5.9434,5.9013,5.5416
Not official,-0.11,South Asia,General Training,2023-2024,5.563,5.7289,4.9065
Official English,0.66,Sub-Saharan Africa,General Training,2023-2024,6.4265,6.3206,5.7256
Official English,0.13,South Asia,General Training,2023-2024,5.4487,5.568,4.7973
Not official,0.15,Latin America & Caribbean,General Training,2023-2024,5.9374,5.8005,5.7519
Official English,0.13,East Asia & Pacific,General Training,2023-2024,5.7845,5.942,5.2221
Not official,0.34,Europe & Central Asia,General Training,2023-2024,6.8394,7.046,7.048
Not official,0.65,Middle East & North Africa,General Training,2023-2024,5.1536,5.2014,4.4506
Official English,1.35,Sub-Saharan Africa,General Training,2023-2024,6.947,6.9106,6.3625
Not official,0.22,Europe & Central Asia,General Training,2023-2024,6.4405,6.5478,6.4799
Official English,0.25,South Asia,General Training,2023-2024,5.6292,5.7535,5.0649
Not official,-0.03,East Asia & Pacific,General Training,2023-2024,5.2544,5.3337,4.8063
Not official,0.29,Middle East & North Africa,General Training,2023-2024,5.7949,5.7277,5.4692
Not official,0.07,Europe & Central Asia,General Training,2023-2024,5.8541,5.9771,5.6604
Official English,0.66,Sub-Saharan Africa,General Training,2023-2024,5.8502,5.6031,4.8795
Not official,0.56,Europe & Central Asia,General Training,2023-2024,6.5147,6.6682,6.4176
Not official,-0.4,East Asia & Pacific,General Training,2023-2024,5.6938,5.7286,5.5731
Official English,0.48,Sub-Saharan Africa,General Training,2023-2024,6.1056,5.9943,5.3269
Not official,0.34,Middle East & North Africa,General Training,2024-2025,5.8635,5.5623,5.8751
Not official,0.11,Latin America & Caribbean,General Training,2024-2025,6.2254,6.2054,6.3031
Official English,0.23,South Asia,General Training,2024-2025,6.213,5.8263,6.4502
Not official,0.45,Latin America & Caribbean,General Training,2024-2025,6.5726,6.5537,6.6652
Official English,0.2,Sub-Saharan Africa,General Training,2024-2025,5.6521,4.9545,5.4198
Not official,0.13,Latin America & Caribbean,General Training,2024-2025,6.0202,5.9524,6.0555
Not official,-0.07,East Asia & Pacific,General Training,2024-2025,6.2804,6.3967,6.4465
Not official,0.27,Latin America & Caribbean,General Training,2024-2025,6.1757,6.0407,6.1901
Not official,0.39,Middle East & North Africa,General Training,2024-2025,6.431,6.2284,6.6014
Not official,0.43,Europe & Central Asia,General Training,2024-2025,6.8787,6.9696,7.0959
Not official,0.81,Europe & Central Asia,General Training,2024-2025,7.2341,7.2072,7.5226
Official English,0.72,Sub-Saharan Africa,General Training,2024-2025,6.1989,5.3519,6.0835
Official English,0.1,East Asia & Pacific,General Training,2024-2025,6.6562,6.7101,6.9666
Official English,0.19,South Asia,General Training,2024-2025,6.4969,6.2326,6.918
Not official,-0.06,East Asia & Pacific,General Training,2024-2025,5.8315,5.5884,5.9528
Not official,0.35,Middle East & North Africa,General Training,2024-2025,6.2659,5.9909,6.351
Not official,0.37,Europe & Central Asia,General Training,2024-2025,6.5563,6.6009,6.7462
Not official,-0.05,East Asia & Pacific,General Training,2024-2025,5.7877,5.6371,5.9065
Official English,0.69,Sub-Saharan Africa,General Training,2024-2025,6.5376,5.9483,6.5141
Not official,-0.02,East Asia & Pacific,General Training,2024-2025,6.0607,5.9869,6.2745
Official English,0.29,East Asia & Pacific,General Training,2024-2025,6.6948,6.5815,6.9642
Official English,0.34,Sub-Saharan Africa,General Training,2024-2025,6.7449,6.4929,6.9318
Not official,0.48,Latin America & Caribbean,General Training,2024-2025,6.5865,6.5257,6.707
Not official,0.1,South Asia,General Training,2024-2025,6.244,5.9072,6.6085
Official English,0.66,Sub-Saharan Africa,General Training,2024-2025,6.5927,6.0041,6.5504
Official English,0.24,South Asia,General Training,2024-2025,5.7713,5.233,5.9318
Not official,0.22,Latin America & Caribbean,General Training,2024-2025,6.1661,6.0308,6.1725
Official English,0.15,East Asia & Pacific,General Training,2024-2025,5.8503,5.3003,5.9946
Not official,0.34,Europe & Central Asia,General Training,2024-2025,6.8649,7.0428,7.0861
Not official,0.59,Middle East & North Africa,General Training,2024-2025,4.9388,4.2442,5.0209
Official English,1.42,Sub-Saharan Africa,General Training,2024-2025,7.0554,6.4867,7.0445
Not official,0.14,Europe & Central Asia,General Training,2024-2025,6.3692,6.4211,6.4862
Official English,0.26,South Asia,General Training,2024-2025,5.9017,5.4989,6.0862
Not official,0.12,East Asia & Pacific,General Training,2024-2025,6.1858,6.1274,6.3504
Not official,0.01,East Asia & Pacific,General Training,2024-2025,5.3606,4.9283,5.4496
Not official,0.12,Europe & Central Asia,General Training,2024-2025,5.8703,5.6481,6.0162
Not official,0.54,Europe & Central Asia,General Training,2024-2025,6.5935,6.5237,6.7838
Official English,1.3,North America,General Training,2024-2025,8.1902,8.0191,8.3484
Not official,-0.39,East Asia & Pacific,General Training,2024-2025,5.8153,5.757,5.874
Official English,0.65,Sub-Saharan Africa,General Training,2024-2025,6.3654,5.7077,6.2886
