Island,Body mass (kg),Sex,Shell length (cm),Condition index
Island,1.23,Male,18.31,6.7176
Island,0.918,Female,17.25,5.3217
Island,1.019,Male,17.53,5.8116
Island,0.924,Male,17.2,5.3727
Island,1.161,Male,18.0,6.4507
Island,0.854,Male,15.99,5.3422
Island,1.391,Male,19.37,7.1812
Island,1.001,Male,17.1,5.8531
Island,1.111,Male,17.85,6.2241
Island,1.035,Male,17.83,5.8035
Island,1.056,Male,17.9,5.8994
Island,1.187,Male,17.93,6.6202
Island,1.029,Male,16.94,6.0729
Island,1.258,Male,17.84,7.0516
Island,1.207,Male,18.6,6.4892
Island,1.003,Male,17.27,5.8088
Island,0.812,Female,15.75,5.1524
Island,1.143,Male,17.95,6.3684
Island,0.972,Male,17.06,5.6962
Island,0.865,Male,16.48,5.2504
Island,0.93,Male,16.89,5.5069
Island,1.248,Female,19.69,6.3357
Island,0.99,Female,17.3,5.7232
Island,1.113,Male,18.77,5.9297
Island,0.928,Male,17.35,5.3458
Island,1.207,Male,18.56,6.5032
Island,1.188,Male,17.57,6.7644
Island,0.807,Male,16.4,4.9207
Island,1.058,Female,18.26,5.7913
Island,1.028,Male,17.46,5.8906
Island,0.784,Male,15.4,5.0909
Island,0.869,Male,16.41,5.2956
Island,0.872,Male,16.65,5.2372
Island,0.712,Male,15.27,4.663
Island,1.275,Male,19.3,6.6062
Island,1.01,Male,16.85,5.9941
Island,1.042,Male,17.58,5.93
Island,0.743,Male,15.65,4.7476
Island,0.943,Male,16.7,5.6467
Island,1.167,Male,18.33,6.3673
Island,0.861,Male,16.67,5.165
Island,1.057,Male,17.42,6.0677
Island,1.14,Male,18.89,6.0349
Island,0.751,Male,15.64,4.8012
Island,1.196,Male,19.44,6.1497
Island,1.296,Male,16.89,7.6714
Island,0.883,Male,16.24,5.4365
Island,1.032,Male,17.18,6.0084
Island,0.7,Male,15.2,4.6053
Island,0.937,Male,17.15,5.4629
Island,0.899,Male,17.06,5.269
Island,0.907,Male,17.11,5.3001
Island,0.87,Male,16.95,5.1327
Island,1.072,Male,17.65,6.0743
Island,1.277,Female,18.54,6.8886
Island,1.042,Male,17.33,6.012
Island,0.8,Female,15.13,5.2875
Island,1.014,Male,17.62,5.7545
Island,0.734,Male,15.46,4.7477
Island,1.354,Male,19.38,6.9866
Island,0.695,Male,15.47,4.4926
Island,0.944,Male,17.45,5.4097
Island,0.79,Male,16.24,4.8639
Island,1.188,Male,17.86,6.6529
Island,0.956,Male,17.31,5.5215
Island,0.683,Male,15.3,4.4641
Island,0.876,Female,15.7,5.5796
Island,0.746,Female,15.0,4.9733
Island,0.885,Male,16.57,5.341
Island,1.025,Male,17.52,5.8498
Island,1.296,Female,19.66,6.5921
Island,0.962,Male,16.89,5.695
Island,0.887,Male,16.24,5.4625
Island,0.653,Male,15.1,4.3245
Island,0.921,Male,17.63,5.2243
Island,0.928,Male,16.85,5.5081
Island,1.129,Male,18.13,6.2272
Island,1.368,Male,19.41,7.0505
Island,1.012,Male,17.73,5.7088
Island,0.952,Male,16.89,5.6371
Island,1.306,Male,18.37,7.1067
Island,0.843,Male,16.4,5.1402
Island,0.8,Male,17.04,4.6948
Island,0.808,Male,16.38,4.9328
Island,1.456,Male,18.23,7.9841
Island,0.954,Male,17.16,5.5594
Island,1.178,Male,18.33,6.4277
Island,0.694,Male,15.24,4.5538
Island,0.854,Female,15.1,5.6556
Island,0.708,Male,15.14,4.677
Island,1.157,Male,18.2,6.3571
Island,1.433,Female,18.53,7.7317
Island,1.273,Female,18.08,7.0394
Island,0.811,Male,16.34,4.9633
Island,0.802,Male,15.55,5.1576
Island,1.014,Male,18.26,5.5504
Island,0.77,Male,15.82,4.8641
Island,1.224,Male,18.66,6.5568
Island,1.018,Male,17.56,5.7944
Island,0.878,Male,16.16,5.4301
Island,1.242,Male,18.48,6.7208
Island,0.946,Male,16.49,5.7351
Island,0.99,Female,16.93,5.848
Island,1.042,Male,18.01,5.7857
Island,1.186,Male,18.07,6.5626
Island,1.088,Female,18.36,5.9246
Island,1.088,Female,18.13,6.0011
Island,0.908,Male,17.74,5.1184
Island,0.969,Male,17.32,5.5931
Island,0.725,Male,15.04,4.8211
Island,1.049,Male,17.74,5.9145
Island,0.829,Male,15.95,5.1962
Island,1.046,Male,17.72,5.9016
Island,1.317,Male,18.17,7.2482
Island,0.982,Male,17.41,5.6404
Island,0.789,Male,15.75,5.0095
Island,1.064,Male,18.45,5.7669
Island,0.775,Male,15.6,4.9667
Island,1.029,Male,16.82,6.1177
Island,0.897,Male,16.18,5.5432
Island,0.957,Male,17.27,5.5414
Island,0.806,Male,16.6,4.856
Island,1.114,Male,17.48,6.373
Island,1.131,Male,18.24,6.2013
Island,1.249,Male,19.64,6.3595
Island,0.868,Male,16.82,5.1599
Island,0.772,Male,15.5,4.9806
Island,1.058,Male,17.51,6.0423
Island,0.779,Male,15.64,4.9808
Island,0.871,Male,15.64,5.5705
Island,1.318,Male,18.58,7.0921
Island,0.837,Male,16.48,5.0789
Island,0.77,Male,15.51,4.9645
Island,0.864,Female,15.6,5.5385
Island,0.865,Male,16.46,5.2552
Island,1.216,Male,18.49,6.5751
Island,1.073,Male,17.07,6.2866
Island,1.313,Male,19.69,6.6684
Island,0.781,Male,15.9,4.9119
Island,0.883,Male,16.04,5.5064
Island,0.857,Male,16.16,5.3026
Island,1.026,Female,18.56,5.5286
Island,1.16,Male,18.09,6.4124
Island,1.113,Female,17.5,6.36
Island,0.792,Female,16.2,4.8889
Island,1.146,Male,17.91,6.3987
Island,0.902,Male,16.65,5.4181
Island,1.079,Female,17.2,6.2733
Island,1.172,Male,18.15,6.4587
Island,1.029,Male,17.76,5.7939
Island,0.998,Male,16.42,6.078
Island,0.872,Male,16.2,5.3827
Island,0.972,Male,17.38,5.5913
Island,0.935,Male,16.94,5.5195
Island,0.704,Male,15.36,4.5833
Island,1.083,Male,18.0,6.0167
Island,0.936,Male,16.77,5.5827
Island,1.262,Male,18.5,6.8216
Island,0.952,Male,15.8,6.0253
Island,1.043,Female,17.26,6.0422
Island,1.015,Male,17.83,5.6927
Island,0.81,Male,15.5,5.2258
Island,1.044,Male,18.13,5.7584
Island,0.953,Male,17.56,5.4271
Island,0.732,Female,15.2,4.8158
Island,1.002,Male,17.52,5.7192
Island,1.379,Male,19.35,7.1251
Island,1.499,Male,18.05,8.3056
Island,0.802,Male,16.27,4.9287
Island,0.995,Male,17.66,5.6342
Island,0.838,Female,15.81,5.3011
Island,0.982,Male,16.6,5.9157
Island,0.914,Male,16.11,5.6735
Island,1.426,Female,19.36,7.3642
Island,1.297,Male,18.9,6.8632
Island,0.707,Male,15.2,4.6513
Island,0.921,Male,16.77,5.4913
Island,0.963,Female,15.9,6.0566
Island,1.295,Male,19.08,6.7872
Island,1.071,Male,17.13,6.2507
Island,1.143,Male,18.38,6.2201
Island,1.194,Male,18.34,6.5093
Island,0.744,Male,15.61,4.7662
Island,0.748,Male,15.6,4.7949
Island,0.747,Male,15.6,4.7885
Island,1.074,Male,17.78,6.0405
Island,1.174,Male,18.47,6.3549
Island,0.715,Male,15.0,4.7667
Island,0.995,Male,17.1,5.8187
Island,0.922,Male,16.6,5.5542
Island,0.697,Female,15.2,4.5855
Island,0.797,Male,15.8,5.0443
Island,1.074,Male,17.0,6.3162
Island,1.065,Male,17.63,6.0408
Island,0.78,Male,15.4,5.0649
Island,0.685,Male,15.26,4.4889
Island,0.715,Male,15.1,4.7351
Island,0.983,Male,16.98,5.7881
Island,1.088,Male,17.71,6.1427
Island,1.005,Male,18.05,5.5679
Island,1.024,Male,17.5,5.8514
Island,1.037,Male,17.13,6.0537
Island,0.797,Male,15.5,5.1419
Island,1.065,Male,17.1,6.2281
Island,0.834,Male,16.25,5.1323
Island,0.731,Male,15.44,4.7345
Island,1.005,Male,16.8,5.9821
Island,0.663,Male,15.1,4.3907
Island,1.109,Female,17.56,6.3155
Island,0.771,Female,15.33,5.0294
Island,0.897,Male,16.9,5.3077
Island,1.126,Male,16.9,6.6627
Island,1.02,Male,17.42,5.8567
Island,1.154,Male,17.61,6.5524
Island,0.682,Male,15.01,4.5424
Island,0.901,Male,17.44,5.1651
Island,0.746,Male,15.36,4.8568
Island,0.968,Male,16.6,5.8313
Island,1.058,Male,17.06,6.2002
Island,0.892,Male,16.19,5.5103
Island,0.837,Male,16.4,5.103
Island,1.141,Male,18.41,6.1991
Island,0.908,Male,16.81,5.4009
Island,0.708,Male,15.23,4.6487
Island,1.007,Male,17.1,5.8875
Island,1.153,Male,17.88,6.4485
Island,1.067,Male,17.68,6.0351
Island,1.419,Male,19.67,7.2133
Island,0.9,Male,17.03,5.286
Island,0.838,Male,15.3,5.4771
Island,0.923,Male,16.51,5.5899
Island,1.151,Female,18.47,6.2331
Island,0.935,Male,16.81,5.5615
Island,1.249,Male,18.47,6.7638
Island,1.03,Male,17.54,5.8723
Island,0.954,Male,16.9,5.6436
Island,1.249,Male,18.49,6.7543
Island,0.947,Male,16.99,5.5726
Island,0.965,Male,17.54,5.5011
Island,1.074,Male,16.93,6.3438
Island,1.009,Male,16.89,5.9739
Island,0.917,Male,16.26,5.6396
Island,1.058,Female,18.35,5.7669
Island,0.9,Male,17.09,5.2662
Island,1.091,Male,17.71,6.159
Island,1.049,Male,16.86,6.2218
Island,1.154,Male,18.38,6.2772
Island,0.995,Female,17.52,5.6805
Island,1.15,Female,17.6,6.5341
Island,1.035,Male,17.42,5.9421
Island,1.162,Male,17.92,6.4844
Island,1.224,Male,19.39,6.3125
Island,1.022,Male,17.67,5.7838
Island,1.359,Male,19.17,7.0899
Island,0.995,Male,17.7,5.6208
Island,1.033,Male,17.74,5.823
Island,0.735,Male,15.56,4.7227
Island,0.685,Male,15.17,4.5167
Island,0.828,Male,16.1,5.1429
Island,0.802,Male,15.3,5.2418
Island,1.093,Male,17.71,6.1717
Island,0.869,Male,16.33,5.3202
Island,1.34,Male,19.66,6.8173
Island,1.051,Male,17.19,6.1133
Island,0.993,Male,16.78,5.9192
Island,1.106,Male,17.58,6.2898
Island,0.67,Male,15.11,4.4341
Island,0.94,Male,17.26,5.4461
Island,0.854,Male,16.1,5.3043
Island,0.965,Female,16.66,5.7916
Island,0.679,Male,15.08,4.5035
Island,0.76,Male,15.69,4.8426
Island,0.922,Male,17.2,5.3605
Island,0.828,Male,16.75,4.9445
Island,0.905,Male,16.0,5.6562
Island,1.407,Male,18.67,7.5378
Island,0.838,Female,15.6,5.3718
Island,1.095,Male,17.85,6.1331
Island,0.637,Male,15.0,4.2467
Island,0.749,Female,15.0,4.9933
Island,0.709,Female,15.13,4.6854
Island,0.948,Male,16.8,5.6429
Island,1.051,Male,17.72,5.9308
Island,1.007,Male,17.3,5.8208
Island,1.434,Male,18.92,7.5809
Island,0.831,Male,16.14,5.1487
Island,0.995,Male,16.96,5.8667
Island,0.726,Male,15.41,4.7112
Island,1.048,Male,17.22,6.0867
Island,1.024,Male,17.2,5.9521
Island,1.164,Male,18.34,6.3475
Island,0.915,Male,16.61,5.5074
Island,1.156,Male,18.02,6.4133
Island,0.804,Male,15.5,5.1871
Island,1.029,Male,16.5,6.2364
Island,1.023,Male,17.87,5.726
Island,0.956,Male,17.85,5.3545
Island,1.207,Male,18.55,6.5071
Island,0.877,Male,16.0,5.4812
Island,0.792,Male,15.73,5.035
Island,1.267,Male,18.66,6.7899
Island,0.825,Male,15.5,5.3226
Island,1.237,Male,18.94,6.5312
Island,0.757,Male,15.73,4.8125
Island,1.162,Male,18.02,6.4484
Island,0.771,Male,15.65,4.9265
Island,0.751,Male,16.07,4.6733
Island,1.281,Male,18.3,7.0
Island,1.154,Male,18.29,6.3095
Island,1.075,Male,17.15,6.2682
Island,1.024,Male,17.03,6.0129
Island,1.18,Female,17.1,6.9006
Island,1.054,Male,17.18,6.135
Island,1.027,Male,18.61,5.5185
Island,0.697,Male,15.19,4.5885
Island,1.009,Male,17.87,5.6463
Island,1.136,Male,18.3,6.2077
Island,1.053,Male,17.2,6.1221
Island,1.055,Male,17.7,5.9605
Island,1.14,Male,17.66,6.4553
Island,0.981,Female,16.6,5.9096
Island,0.93,Male,16.4,5.6707
Island,1.285,Male,19.22,6.6857
Island,0.895,Male,16.13,5.5487
Island,1.242,Male,18.12,6.8543
Island,1.139,Male,17.77,6.4097
Island,0.895,Male,16.78,5.3337
Island,1.257,Male,18.12,6.9371
Island,0.782,Male,15.31,5.1078
Island,0.973,Male,17.22,5.6504
Island,0.683,Male,15.0,4.5533
Island,1.107,Male,17.72,6.2472
Island,0.879,Male,16.33,5.3827
Island,0.767,Male,15.1,5.0781
Island,0.962,Male,17.29,5.5639
Island,0.717,Male,15.1,4.7483
Island,1.09,Male,18.22,5.9811
Island,0.913,Female,16.23,5.6254
Island,0.698,Male,15.1,4.6225
Island,1.264,Female,19.1,6.6178
Island,0.993,Male,17.6,5.642
Island,0.883,Male,16.26,5.4305
Island,1.012,Male,16.96,5.967
Island,1.063,Male,17.6,6.0398
Island,1.205,Male,18.26,6.5991
Island,1.06,Male,17.63,6.0125
Island,1.083,Male,17.48,6.1957
Island,0.885,Male,16.06,5.5106
Island,1.422,Male,19.88,7.1529
Island,1.05,Male,17.61,5.9625
Island,1.185,Male,17.74,6.6798
Island,1.291,Male,18.89,6.8343
Island,1.102,Male,17.6,6.2614
Island,0.753,Male,15.98,4.7121
Island,0.928,Male,16.92,5.4859
Island,1.367,Male,19.18,7.1272
Island,1.192,Male,18.21,6.5459
Island,1.107,Female,18.04,6.1364
Island,0.819,Male,15.5,5.2839
Island,1.105,Male,17.95,6.156
Island,0.882,Male,16.5,5.3455
Island,0.768,Male,15.46,4.9677
Island,0.88,Male,15.95,5.5172
Island,1.112,Male,18.47,6.0206
Island,1.373,Male,19.44,7.0628
Island,1.493,Female,20.16,7.4058
Island,0.758,Male,15.3,4.9542
Island,0.784,Male,16.03,4.8908
Island,0.655,Male,15.21,4.3064
Island,0.805,Male,15.08,5.3382
Island,0.852,Male,15.9,5.3585
Island,1.031,Male,17.84,5.7779
Island,0.781,Female,15.1,5.1722
Island,0.745,Male,15.4,4.8377
Island,0.865,Female,15.8,5.4747
Island,1.021,Male,16.59,6.1543
Island,0.667,Male,15.0,4.4467
Island,0.726,Male,15.4,4.7143
Island,1.01,Male,16.51,6.1175
Island,1.105,Male,17.17,6.4356
Island,0.844,Male,16.29,5.1811
Island,0.875,Female,15.6,5.609
Island,1.088,Male,16.97,6.4113
Island,0.726,Male,15.03,4.8303
Island,0.902,Male,16.1,5.6025
Island,1.133,Male,17.95,6.312
Island,0.709,Male,15.1,4.6954
Island,0.947,Male,17.3,5.474
Island,0.92,Male,16.72,5.5024
Island,0.909,Male,16.69,5.4464
Island,1.157,Male,18.0,6.4278
Island,1.128,Male,17.69,6.3765
Island,0.782,Male,15.86,4.9306
Island,1.138,Male,18.42,6.1767
Island,1.284,Male,18.5,6.9405
Island,1.142,Male,18.23,6.2644
Island,0.808,Female,15.52,5.2062
Island,0.964,Male,16.2,5.9506
Island,0.885,Male,16.3,5.4294
Island,0.8,Male,15.46,5.1746
Island,0.999,Male,18.21,5.4866
Island,0.787,Female,15.4,5.1104
Island,0.735,Male,15.3,4.8039
Island,0.739,Male,15.4,4.7987
Island,0.931,Male,16.78,5.5483
Island,0.765,Male,15.3,5.0
Island,1.221,Male,18.2,6.7088
Island,0.928,Male,16.72,5.5502
Island,0.806,Male,15.1,5.3377
Island,1.053,Female,17.33,6.0762
Island,0.965,Male,17.61,5.4798
Island,0.971,Male,17.65,5.5014
Island,0.842,Male,16.1,5.2298
Island,0.738,Male,15.3,4.8235
Island,0.848,Male,16.0,5.3
Island,0.686,Male,15.2,4.5132
Island,0.816,Male,15.2,5.3684
Island,0.969,Male,17.4,5.569
Island,0.785,Male,15.67,5.0096
Island,1.187,Male,18.63,6.3701
Island,1.19,Male,18.0,6.6111
Island,0.827,Male,16.29,5.0767
Island,1.214,Male,19.12,6.3494
Island,0.896,Male,16.47,5.4409
Island,0.93,Male,17.09,5.4418
Island,0.852,Male,16.42,5.1888
Island,1.22,Female,18.89,6.4584
Island,1.061,Male,17.43,6.0872
Island,0.876,Male,16.74,5.233
Island,1.225,Male,18.16,6.7463
Island,0.639,Male,15.2,4.2039
Island,0.758,Male,15.86,4.7793
Island,0.767,Male,15.73,4.876
Island,1.24,Male,18.4,6.7399
Island,1.387,Female,18.8,7.3777
Island,0.9,Male,16.9,5.3254
Island,1.105,Male,18.35,6.0218
Island,0.972,Male,16.97,5.7278
Island,0.804,Male,15.51,5.1838
Island,0.768,Female,15.3,5.0196
Island,1.03,Male,16.7,6.1677
Island,1.002,Male,17.1,5.8596
Island,1.032,Male,18.23,5.661
Island,1.296,Male,19.08,6.7925
Island,1.154,Male,17.98,6.4182
Island,1.238,Male,19.04,6.5021
Island,0.884,Male,16.08,5.4975
Island,0.981,Male,17.19,5.7068
Island,1.103,Male,18.34,6.0142
Island,1.06,Male,17.6,6.0227
Island,0.745,Male,15.1,4.9338
Island,0.821,Male,15.7,5.2293
Island,1.257,Male,19.35,6.4971
Island,1.179,Male,18.77,6.2796
Island,0.741,Male,15.1,4.9073
Island,0.61,Male,15.0,4.0667
Island,0.678,Male,15.63,4.3378
Island,0.708,Male,15.3,4.6275
Island,1.091,Male,17.87,6.1052
Island,0.76,Male,15.6,4.8718
Island,1.281,Male,18.94,6.7635
Island,0.718,Female,15.2,4.7237
Island,0.763,Female,15.44,4.9417
Island,1.26,Male,18.42,6.8404
Island,1.605,Male,20.7,7.7544
Island,0.76,Male,16.44,4.6229
Island,0.78,Male,15.3,5.098
Island,0.661,Male,15.0,4.4067
Island,1.354,Male,19.8,6.8384
Island,1.03,Male,16.8,6.131
Island,1.247,Male,19.53,6.386
Island,0.798,Male,16.38,4.8718
Island,0.945,Male,16.74,5.6452
Island,0.873,Male,16.1,5.4224
Island,1.276,Male,18.85,6.7692
Island,0.669,Male,15.3,4.3725
Island,1.077,Male,17.49,6.1578
Island,1.046,Male,16.76,6.2411
Island,1.183,Male,19.56,6.0487
Island,0.942,Female,16.3,5.7791
Island,0.825,Male,15.87,5.1985
Island,0.998,Male,17.28,5.7755
Island,1.256,Male,17.9,7.0168
Island,0.983,Male,16.0,6.1438
Island,0.855,Female,16.14,5.2981
Island,0.706,Male,15.0,4.7067
Island,0.88,Female,15.4,5.7143
Island,1.046,Male,17.13,6.1062
Island,0.874,Male,15.95,5.4796
Island,0.886,Male,16.26,5.4503
Island,0.983,Male,17.7,5.5537
Island,1.164,Male,17.9,6.5028
Island,0.738,Female,15.2,4.8553
Island,1.061,Male,16.87,6.2893
Island,1.047,Female,18.7,5.5989
Island,0.605,Male,15.01,4.0306
Island,0.712,Male,15.6,4.5641
Island,0.918,Male,17.55,5.2308
Island,1.017,Male,17.75,5.7296
Island,0.834,Male,15.9,5.2453
Island,1.145,Male,17.8,6.4326
Island,0.775,Male,15.8,4.9051
Island,0.782,Male,15.69,4.9841
Island,1.014,Male,17.44,5.8142
Island,0.969,Male,16.84,5.7542
Island,0.746,Male,15.72,4.7455
Island,0.758,Male,15.8,4.7975
Island,1.257,Male,18.7,6.7219
Island,0.928,Male,17.82,5.2076
Island,1.226,Female,18.17,6.7474
Island,1.04,Male,17.3,6.0116
Island,0.959,Male,16.78,5.7151
Island,1.276,Male,19.1,6.6806
Island,0.698,Male,15.0,4.6533
Island,1.07,Male,17.3,6.185
Island,0.878,Male,16.7,5.2575
Island,0.74,Female,15.2,4.8684
Island,1.099,Male,18.27,6.0153
Island,0.883,Male,15.62,5.653
Island,0.922,Female,16.9,5.4556
Island,0.897,Male,15.5,5.7871
Island,1.048,Male,17.59,5.9579
Island,0.833,Female,16.0,5.2062
Island,1.208,Male,18.36,6.5795
Island,0.788,Female,15.6,5.0513
Island,0.707,Male,15.1,4.6821
Island,0.919,Male,16.9,5.4379
Island,1.188,Female,18.0,6.6
Island,1.049,Female,16.8,6.244
Island,0.735,Male,15.29,4.8071
Island,0.713,Male,15.0,4.7533
Island,0.947,Male,16.5,5.7394
Island,0.871,Male,16.1,5.4099
Island,0.901,Male,16.48,5.4672
Island,1.143,Male,17.95,6.3677
Island,1.079,Male,17.53,6.1552
Island,1.08,Female,17.56,6.1503
Island,0.912,Male,15.9,5.7358
Island,0.935,Male,16.84,5.5523
Island,1.565,Male,19.84,7.8881
Island,1.02,Male,17.15,5.9475
Island,0.796,Female,15.5,5.1355
Island,1.177,Male,19.06,6.1752
Island,0.889,Male,16.17,5.4978
Island,0.776,Male,15.0,5.1733
Island,0.964,Male,17.22,5.5981
Island,1.117,Male,18.5,6.0391
Island,0.83,Male,15.4,5.3896
Island,1.037,Male,17.1,6.0643
Island,1.406,Male,19.9,7.0653
Island,0.955,Male,18.64,5.1223
Island,0.825,Male,16.65,4.955
Island,0.891,Male,16.3,5.4663
Island,0.915,Female,15.9,5.7547
Island,0.848,Male,15.9,5.3333
Island,0.778,Male,15.1,5.1523
Island,0.973,Male,16.8,5.7917
Island,1.13,Male,17.87,6.322
Island,0.723,Male,15.3,4.7255
Island,1.222,Male,17.7,6.904
Island,0.788,Male,15.3,5.1503
Island,0.785,Male,15.9,4.9371
Island,1.044,Male,17.4,6.0
Island,0.999,Male,17.77,5.6203
Island,0.837,Female,15.6,5.3654
Island,0.893,Male,16.1,5.5466
Island,1.306,Male,18.8,6.9468
Island,0.981,Male,17.31,5.6686
Island,1.262,Male,19.39,6.5092
Island,0.993,Male,17.59,5.6453
Island,1.151,Male,18.54,6.2082
Island,1.097,Male,18.33,5.9841
Island,0.715,Male,15.0,4.7667
Island,0.748,Male,15.93,4.6944
Island,1.133,Male,18.09,6.2638
Island,0.743,Male,15.7,4.7325
Island,0.831,Male,16.3,5.0982
Island,0.928,Male,17.29,5.3673
Island,0.934,Male,16.73,5.5815
Island,0.994,Male,17.57,5.6587
Island,1.129,Male,17.98,6.2792
Island,0.911,Male,16.6,5.4886
Island,1.218,Male,17.8,6.8427
Island,0.881,Male,16.86,5.2248
Island,1.23,Male,19.08,6.4465
Island,1.409,Male,19.9,7.0804
Island,1.235,Male,19.36,6.3791
Island,0.763,Male,16.29,4.6839
Island,1.21,Male,18.94,6.3879
Island,1.078,Male,17.62,6.1167
Island,0.981,Male,16.62,5.9011
Island,0.833,Male,16.46,5.0608
Island,0.698,Male,15.08,4.6286
Island,1.104,Male,18.64,5.924
Island,1.002,Male,17.32,5.7859
Island,1.701,Female,20.32,8.3694
Island,1.047,Female,16.59,6.311
Island,1.076,Female,17.83,6.0334
Island,1.17,Male,18.15,6.4463
Island,1.247,Male,18.5,6.7413
Island,1.03,Male,17.59,5.8549
Island,0.832,Male,16.5,5.0424
Island,0.799,Male,15.0,5.3267
Island,0.725,Male,15.06,4.8141
Island,1.124,Male,18.07,6.2203
Island,0.797,Male,16.13,4.9411
Island,0.995,Male,17.07,5.8289
Island,0.855,Male,16.05,5.3271
Island,0.725,Male,15.1,4.8013
Island,1.048,Male,17.87,5.8646
Island,0.906,Male,17.65,5.132
Island,1.099,Male,18.04,6.092
Island,0.96,Male,17.5,5.4857
Island,1.014,Male,16.99,5.9675
Island,1.088,Male,18.81,5.7842
Island,1.014,Male,17.33,5.8518
Island,1.049,Male,17.2,6.0995
Island,1.12,Male,18.46,6.0672
Island,0.841,Male,16.27,5.1703
Island,1.041,Female,17.24,6.0397
Island,1.049,Male,17.8,5.8919
Island,0.916,Male,16.84,5.4394
Island,1.022,Male,17.05,5.9941
Island,0.8,Male,16.52,4.8426
Island,1.051,Male,17.71,5.9358
Island,0.824,Male,16.33,5.0447
Island,0.97,Male,17.34,5.5946
Island,1.118,Male,17.67,6.3271
Island,0.729,Male,15.4,4.7338
Island,1.286,Male,19.19,6.7007
Island,0.9,Male,16.84,5.3444
Island,1.008,Male,17.02,5.9224
Island,1.083,Male,19.06,5.6821
Island,0.887,Male,17.07,5.1956
Island,0.79,Male,15.83,4.9899
Island,1.121,Male,18.2,6.1593
Island,0.989,Male,17.19,5.7533
Island,1.154,Male,18.73,6.1599
Island,0.868,Female,15.8,5.4937
Island,1.048,Male,17.07,6.1394
Island,0.985,Male,17.0,5.7941
Island,0.959,Male,17.68,5.4242
Island,1.208,Female,18.75,6.444
Island,1.129,Male,18.96,5.9534
Island,0.693,Female,15.3,4.5294
Island,1.08,Male,17.5,6.1721
Island,1.044,Male,18.23,5.7268
Island,0.925,Male,18.13,5.102
Island,1.221,Female,18.82,6.4878
Island,0.932,Male,16.86,5.5279
Island,1.434,Female,18.43,7.7791
Island,1.027,Male,17.27,5.9467
Island,1.113,Female,17.23,6.4582
Island,1.109,Male,17.3,6.4104
Island,0.959,Male,17.24,5.5626
Island,1.147,Male,18.27,6.2781
Island,1.222,Male,18.17,6.7254
Island,1.23,Male,18.23,6.7471
Island,0.889,Male,16.87,5.2697
Island,1.018,Male,18.07,5.6336
Island,1.016,Male,17.54,5.7925
Island,0.825,Male,16.96,4.8644
Island,1.16,Male,17.11,6.7797
Island,0.892,Male,16.42,5.4324
Island,0.758,Male,15.64,4.8465
Island,0.836,Male,15.7,5.3248
Island,0.755,Male,15.36,4.9154
Island,0.959,Female,17.12,5.6016
Island,1.0,Male,17.3,5.7803
Island,0.962,Male,17.1,5.6264
Island,1.175,Male,17.89,6.5672
Island,1.026,Male,17.67,5.8065
Island,1.104,Male,17.34,6.3649
Island,0.914,Male,16.39,5.5766
Island,1.087,Male,18.07,6.0155
Island,0.858,Male,17.01,5.0441
Island,1.037,Male,17.68,5.8654
Island,1.099,Male,17.76,6.1881
Island,0.998,Male,17.92,5.5692
Island,1.241,Male,18.35,6.7629
Island,1.289,Male,20.02,6.4386
Island,1.289,Male,19.02,6.7771
Island,0.786,Male,16.14,4.8711
Island,0.949,Male,17.34,5.4716
Island,1.286,Male,19.01,6.7649
Island,0.858,Male,16.24,5.2833
Island,0.984,Male,16.64,5.9135
Island,1.208,Male,18.73,6.4495
Island,0.962,Male,17.95,5.3593
Island,0.74,Male,15.81,4.6806
Island,0.88,Male,16.75,5.2537
Island,1.076,Male,17.45,6.1662
Island,1.476,Male,19.84,7.4395
Island,0.858,Male,16.9,5.0769
Island,1.109,Male,18.34,6.0469
Island,0.987,Male,17.28,5.7118
Island,1.106,Male,18.07,6.1206
Island,1.279,Male,19.26,6.6407
Island,1.111,Male,17.52,6.3413
Island,0.895,Male,16.8,5.3274
Island,0.668,Male,15.0,4.4533
Island,1.227,Male,18.66,6.5756
Island,0.804,Male,16.6,4.8434
Island,0.962,Male,17.72,5.4289
Island,1.194,Male,19.2,6.2181
Island,0.676,Male,15.03,4.4977
Island,0.967,Male,17.65,5.4788
Island,0.765,Male,16.03,4.7714
Island,1.074,Male,17.78,6.0405
Island,1.48,Male,19.94,7.4223
Island,0.697,Male,15.04,4.6343
Island,1.182,Male,18.16,6.5088
Island,1.371,Male,19.66,6.975
Island,0.764,Male,15.79,4.8385
Island,0.904,Male,16.59,5.4491
Island,0.878,Male,16.24,5.4064
Island,0.8,Male,15.94,5.0195
Island,0.792,Male,15.86,4.995
Island,1.156,Male,18.54,6.2345
Island,1.146,Male,18.16,6.3106
Island,1.047,Male,17.55,5.9645
Island,1.022,Male,17.22,5.936
Island,0.929,Male,17.02,5.4573
Island,1.338,Male,18.68,7.1635
Island,1.112,Male,18.06,6.159
Island,1.266,Male,18.31,6.9135
Island,1.079,Male,16.94,6.371
Island,1.272,Male,18.52,6.8664
Island,1.08,Male,18.51,5.8347
Island,0.868,Male,15.9,5.4584
Island,1.191,Male,18.45,6.4567
Island,0.985,Male,18.17,5.421
Island,0.905,Female,16.41,5.5153
Island,1.295,Male,18.85,6.87
Island,1.018,Male,17.65,5.769
Island,0.77,Male,15.93,4.833
Island,0.958,Male,17.62,5.4382
Island,0.892,Male,16.86,5.2894
Island,1.036,Male,17.43,5.9445
Island,0.832,Male,15.72,5.293
Island,1.226,Male,18.99,6.4574
Island,0.969,Male,16.46,5.8852
Island,1.046,Male,17.94,5.8296
Island,0.855,Female,16.29,5.2499
Island,1.068,Male,17.42,6.1316
Island,1.12,Male,18.2,6.1532
Island,0.723,Male,15.0,4.82
Island,1.134,Male,17.47,6.4926
Island,1.142,Male,18.34,6.2265
Island,1.049,Male,17.47,6.006
Island,1.325,Male,19.04,6.9605
Island,1.123,Male,17.38,6.4622
Island,1.219,Male,18.71,6.5145
Island,0.899,Male,16.45,5.4644
Island,1.116,Male,17.85,6.2507
Island,0.781,Male,16.11,4.8482
Island,1.066,Male,18.19,5.8597
Island,1.018,Male,16.76,6.0736
Island,0.694,Male,15.23,4.5574
Island,1.157,Male,17.55,6.5918
Island,1.177,Male,18.28,6.4394
Island,1.143,Male,17.66,6.4715
Island,1.063,Male,18.6,5.7138
Island,0.791,Male,15.4,5.1364
Island,1.089,Male,17.8,6.1166
Island,0.938,Male,16.26,5.7691
Island,0.914,Male,17.96,5.0902
Island,0.725,Male,15.0,4.8333
Island,0.698,Male,15.6,4.4744
Island,0.689,Male,15.11,4.5587
Island,0.845,Male,16.4,5.154
Island,1.006,Male,17.83,5.6415
Island,0.885,Male,16.88,5.2441
Island,1.019,Female,16.92,6.0225
Island,0.988,Male,17.86,5.5313
Island,0.78,Male,15.4,5.0649
Island,1.141,Male,18.62,6.1262
Island,0.894,Male,16.71,5.3501
Island,0.646,Male,15.46,4.178
Island,0.942,Male,17.05,5.5246
Island,0.871,Male,16.43,5.3019
Island,0.784,Male,15.72,4.9873
Island,0.736,Male,16.06,4.5822
Island,0.876,Male,16.96,5.1639
Island,0.88,Male,16.55,5.3172
Island,0.801,Male,16.4,4.8841
Island,1.205,Male,18.66,6.4563
Island,1.11,Male,18.83,5.8955
Island,1.291,Male,18.86,6.8437
Island,0.79,Male,15.53,5.0856
Island,1.306,Male,19.29,6.7696
Island,1.373,Male,18.97,7.237
Island,1.183,Male,18.56,6.3732
Island,1.283,Male,18.85,6.8064
Island,0.938,Female,15.9,5.8994
Island,1.294,Male,17.83,7.2587
Island,1.071,Male,17.67,6.0604
Island,0.845,Male,16.79,5.034
Island,1.114,Male,17.47,6.3781
Island,0.756,Male,15.45,4.8929
Island,0.747,Male,15.15,4.9307
Island,1.161,Male,19.02,6.1044
Island,1.123,Male,17.89,6.278
Island,1.227,Male,18.02,6.8076
Island,1.32,Male,17.95,7.3538
Island,0.794,Male,15.68,5.0628
Island,0.767,Male,15.14,5.0661
Island,0.872,Male,16.95,5.1448
Island,1.159,Male,18.2,6.3681
Island,1.051,Female,16.98,6.1889
Island,1.051,Male,17.71,5.9338
Island,1.105,Male,19.69,5.6114
Island,0.962,Male,17.58,5.4737
Island,1.108,Male,19.19,5.7747
Island,0.993,Male,16.99,5.8432
Island,1.014,Male,17.6,5.7627
Island,1.266,Male,18.31,6.9127
Island,0.903,Male,17.61,5.1289
Island,1.466,Male,19.62,7.4704
Island,1.035,Male,17.89,5.7866
Island,1.134,Male,17.43,6.5075
Island,0.843,Male,16.43,5.1309
Island,1.057,Male,17.99,5.8742
Island,0.916,Male,16.24,5.6397
Island,1.214,Male,17.49,6.9419
Island,0.893,Male,16.3,5.4779
Island,0.752,Male,16.33,4.6042
Island,1.263,Male,18.84,6.7052
Island,1.126,Male,18.2,6.1872
Island,0.901,Male,16.79,5.3657
Island,1.019,Male,17.5,5.8215
Island,1.081,Male,17.74,6.0946
Island,0.967,Male,17.75,5.4491
Island,1.236,Male,18.17,6.8013
Island,1.19,Male,18.49,6.4359
Island,1.163,Male,17.99,6.4647
Island,1.227,Male,19.02,6.4504
Island,0.817,Male,15.94,5.1261
Island,0.895,Male,16.7,5.3599
Island,1.024,Male,18.04,5.675
Island,1.185,Male,18.61,6.3662
Island,1.109,Male,18.01,6.1563
Island,1.208,Male,18.61,6.4918
Island,1.25,Male,17.97,6.9564
Island,1.192,Male,17.98,6.6289
Island,0.905,Male,17.78,5.0911
Island,0.997,Male,17.07,5.8407
Island,0.885,Male,16.9,5.2373
Island,1.038,Male,17.94,5.786
Island,1.276,Male,18.76,6.8003
Island,0.888,Male,16.89,5.2585
Island,1.082,Male,17.23,6.279
Island,0.81,Male,16.58,4.8848
Island,1.027,Female,18.04,5.6935
Island,1.208,Male,18.54,6.516
Island,0.834,Male,16.36,5.099
Island,1.203,Male,19.0,6.3316
Island,1.025,Male,18.39,5.5725
Island,1.028,Male,17.78,5.7831
Island,0.927,Male,17.81,5.2052
Island,1.447,Male,19.85,7.2886
Island,0.967,Male,17.55,5.5093
Island,0.982,Male,17.9,5.4848
Island,0.886,Male,16.69,5.3086
Island,1.147,Male,17.63,6.5045
Island,1.139,Male,18.56,6.1362
Island,1.027,Male,17.39,5.9043
Island,0.891,Male,16.62,5.3617
Island,1.294,Male,18.16,7.1248
Island,0.982,Female,17.6,5.5795
Island,1.571,Male,20.3,7.7404
Island,0.876,Male,16.74,5.2342
Island,1.179,Male,18.31,6.438
Island,1.559,Male,20.07,7.7667
Island,1.404,Male,20.47,6.8602
Island,1.206,Male,18.02,6.6918
Island,0.784,Male,16.49,4.7532
Island,1.119,Male,18.76,5.9642
Island,1.31,Male,19.48,6.7242
Island,1.084,Male,18.2,5.9557
Island,1.214,Male,18.82,6.4509
Island,0.961,Male,17.33,5.5459
Island,0.903,Male,17.21,5.2485
Island,0.951,Male,17.26,5.5092
Island,0.792,Male,15.41,5.1395
Island,0.791,Male,16.6,4.7651
Island,0.959,Male,16.95,5.6565
Island,0.996,Male,17.56,5.6733
Island,1.592,Male,20.48,7.7723
Island,1.13,Male,18.1,6.2445
Island,1.026,Male,17.89,5.735
Island,0.842,Male,16.21,5.1956
Island,0.876,Male,17.07,5.1318
Island,1.059,Male,17.86,5.9295
Island,1.128,Male,17.46,6.4594
Island,0.78,Male,15.98,4.8805
Island,1.033,Male,17.5,5.9015
Island,0.912,Male,16.85,5.4125
Island,1.139,Male,18.37,6.2017
Island,0.922,Male,16.75,5.5032
Island,1.042,Male,17.4,5.9899
Island,0.995,Male,17.63,5.6431
Island,1.357,Male,19.2,7.0692
Island,0.994,Male,17.4,5.7126
Island,0.753,Male,15.77,4.7755
Island,1.112,Male,17.93,6.2019
Island,0.797,Male,16.49,4.8341
Island,0.746,Male,16.04,4.6503
Island,0.748,Male,15.37,4.8654
Island,0.743,Male,15.65,4.7485
Island,0.833,Male,16.95,4.9145
Island,0.824,Male,16.34,5.0422
Island,0.777,Male,15.7,4.949
Island,0.764,Male,15.4,4.961
Island,0.944,Male,16.6,5.6867
Island,0.867,Female,16.08,5.3918
Island,1.002,Female,17.1,5.8596
Island,0.928,Male,17.32,5.3586
Island,1.059,Male,18.16,5.8321
Island,1.29,Male,19.47,6.6269
Island,1.157,Male,18.75,6.171
Island,1.158,Male,18.44,6.2785
Island,0.897,Male,16.34,5.4906
Island,0.91,Male,17.38,5.2344
Island,1.189,Male,18.97,6.2671
Island,1.31,Male,18.93,6.9188
Island,0.843,Male,17.03,4.9495
Island,1.042,Male,18.37,5.672
Island,0.834,Male,15.91,5.2423
Island,1.0,Male,17.44,5.7339
Island,1.157,Male,17.83,6.4891
Island,0.92,Male,16.98,5.4175
Island,0.924,Male,17.13,5.394
Island,0.96,Male,17.3,5.5485
Island,0.983,Male,17.43,5.6384
Island,0.856,Male,17.47,4.8987
Island,1.031,Male,17.37,5.9348
Island,1.405,Male,19.46,7.2203
Island,1.086,Male,17.78,6.1063
Island,1.195,Male,18.02,6.63
Island,1.078,Male,17.54,6.1477
Island,1.034,Male,17.46,5.9221
Island,1.348,Male,19.21,7.0164
Island,1.096,Male,17.57,6.2393
Island,0.963,Male,17.35,5.5511
Island,0.961,Male,17.38,5.5281
Island,0.943,Male,17.85,5.2823
Island,1.167,Male,18.12,6.4418
Island,1.208,Male,18.16,6.6505
Island,0.802,Male,17.34,4.6249
Island,1.021,Male,17.66,5.7827
Island,1.007,Male,17.15,5.8724
Island,0.94,Male,16.85,5.5786
Island,0.825,Male,16.3,5.0604
Island,0.874,Male,16.77,5.2104
Island,0.87,Female,16.12,5.397
Island,1.212,Male,18.53,6.54
Island,1.213,Male,17.71,6.8489
Island,1.185,Male,18.3,6.4747
Island,0.963,Male,16.2,5.9444
Island,1.009,Male,18.46,5.4671
Island,0.813,Male,16.24,5.0062
Island,0.819,Male,16.19,5.0581
Island,1.145,Male,18.15,6.3092
Island,0.894,Male,16.69,5.3565
Island,1.012,Male,18.06,5.6026
Island,0.714,Male,15.98,4.4692
Island,1.104,Male,17.31,6.3778
Island,0.874,Male,16.42,5.3215
Island,0.736,Male,16.21,4.5398
Island,0.67,Male,16.21,4.134
Island,1.071,Male,17.79,6.0209
Island,0.686,Male,16.05,4.2741
Island,0.908,Male,16.96,5.3554
Island,1.149,Male,17.99,6.3865
Island,1.084,Male,17.6,6.1591
Island,0.883,Male,16.98,5.199
Island,1.037,Male,17.06,6.0771
Island,0.834,Male,16.32,5.1115
Island,1.086,Male,18.48,5.8763
Island,0.867,Male,16.61,5.2191
Island,1.132,Male,18.06,6.267
Island,0.869,Male,16.88,5.1496
Island,0.959,Male,17.31,5.5398
Island,1.092,Male,17.61,6.201
Island,0.976,Male,17.41,5.6066
Island,0.917,Male,16.88,5.4318
Island,1.054,Male,17.49,6.027
Island,1.017,Male,17.15,5.9293
Island,1.036,Male,18.09,5.7276
Island,1.116,Male,18.21,6.1285
Island,0.919,Male,16.78,5.4774
Island,1.269,Male,18.7,6.7875
Island,0.969,Male,16.95,5.7161
Island,0.699,Male,15.44,4.5266
Island,0.66,Male,15.49,4.2605
Island,1.696,Female,21.11,8.0337
Island,0.992,Male,18.1,5.4801
Island,1.253,Male,18.3,6.8455
Island,1.149,Male,17.82,6.4493
Island,1.362,Male,19.08,7.1399
Island,0.983,Male,17.12,5.7412
Island,1.219,Male,18.65,6.5372
Island,1.077,Male,18.6,5.7903
Island,1.131,Male,18.07,6.2597
Island,1.114,Male,18.22,6.1128
Island,1.221,Male,19.06,6.4051
Island,0.728,Male,15.85,4.5931
Island,1.039,Male,18.15,5.7245
Island,1.135,Male,18.21,6.2315
Island,0.7,Male,15.4,4.5455
Island,0.868,Male,16.1,5.3913
Island,0.789,Female,16.75,4.7093
Island,0.92,Male,17.23,5.3411
Island,0.9,Male,17.07,5.2718
Island,0.829,Male,17.02,4.8705
Island,1.145,Male,17.94,6.3831
Island,0.827,Male,16.25,5.0899
Island,0.905,Male,16.86,5.3681
Island,0.901,Male,16.34,5.5134
Island,0.974,Male,17.0,5.7284
Island,0.841,Female,16.82,5.0006
Island,0.915,Male,17.03,5.3741
Island,1.115,Male,17.52,6.3645
Island,1.041,Male,18.37,5.6662
Island,1.024,Male,17.83,5.7438
Island,1.168,Male,18.28,6.3909
Island,0.993,Male,18.18,5.462
Island,0.905,Male,16.17,5.5982
Island,1.063,Male,18.37,5.7866
Island,1.112,Male,18.56,5.9901
Island,0.897,Male,16.39,5.4722
Island,0.94,Male,17.92,5.2455
Island,1.282,Male,19.01,6.7424
Island,1.138,Male,19.01,5.987
Island,1.129,Male,18.4,6.1345
Island,1.06,Male,17.36,6.1074
Island,0.988,Male,16.82,5.875
Island,0.826,Male,16.93,4.8783
Island,0.803,Male,16.69,4.811
Island,0.786,Female,15.4,5.1039
Island,0.929,Female,16.6,5.5964
Island,0.622,Male,15.06,4.1301
Island,0.677,Male,15.78,4.2892
Island,0.816,Male,15.87,5.1411
Island,1.107,Female,18.4,6.0163
Island,0.911,Male,16.25,5.6048
Island,1.318,Female,19.94,6.6108
Island,0.934,Male,16.63,5.6164
Island,1.003,Male,17.52,5.7233
Island,0.791,Male,15.9,4.9748
Island,0.943,Male,17.52,5.3818
Island,0.646,Female,15.44,4.1845
Island,0.903,Female,16.4,5.5061
Island,1.497,Female,20.11,7.4426
Island,0.528,Male,15.0,3.52
Island,0.889,Male,17.48,5.0849
Island,1.006,Male,16.81,5.986
Island,0.707,Male,15.71,4.5009
Island,0.84,Male,16.73,5.0209
Island,0.984,Male,17.0,5.7882
Island,0.768,Male,16.0,4.8
Island,0.887,Male,17.01,5.2146
Island,0.754,Male,15.5,4.8645
Island,1.44,Male,19.89,7.2384
Island,0.787,Male,16.47,4.7784
Island,0.959,Male,17.57,5.4582
Island,0.798,Male,16.4,4.867
Island,1.091,Male,18.38,5.9342
Island,0.856,Male,16.37,5.2291
Island,0.713,Male,17.08,4.174
Island,0.75,Male,15.35,4.886
Island,0.77,Male,15.5,4.9677
Island,0.919,Female,16.62,5.5308
Island,0.68,Male,15.02,4.5273
Island,0.737,Male,15.22,4.8436
Island,1.038,Male,17.0,6.1066
Island,0.846,Female,15.8,5.3544
Island,0.697,Male,15.2,4.5855
Island,0.8,Female,15.1,5.298
Island,1.005,Male,16.7,6.018
Island,1.239,Female,18.55,6.6792
Island,0.902,Male,16.49,5.4693
Island,0.887,Male,15.9,5.5786
Island,0.779,Male,16.04,4.8578
Island,1.135,Female,17.85,6.3585
Island,0.808,Male,15.7,5.1465
Island,0.731,Male,15.54,4.704
Island,0.792,Male,15.5,5.1097
Island,1.246,Male,19.1,6.5236
Island,0.849,Male,16.82,5.0482
Island,0.901,Female,16.09,5.6004
Island,0.76,Male,15.52,4.8969
Island,0.837,Male,15.9,5.2642
Island,0.667,Male,15.2,4.3882
Island,0.97,Male,17.42,5.5693
Island,1.014,Male,17.58,5.7679
Island,0.892,Male,16.56,5.3871
Island,0.868,Male,16.58,5.2352
Island,0.802,Male,16.15,4.9669
Island,1.187,Male,18.21,6.5198
Island,1.364,Male,19.23,7.0946
Island,1.015,Female,17.41,5.8313
Island,1.108,Male,18.14,6.1094
Island,0.903,Male,16.73,5.3975
Island,0.834,Male,15.98,5.2184
Island,0.89,Male,16.9,5.2669
Island,0.899,Male,16.75,5.3659
Island,0.751,Male,15.16,4.9525
Island,0.951,Male,16.8,5.659
Island,1.047,Male,17.35,6.0353
Island,1.259,Male,18.53,6.7944
Island,0.854,Male,15.4,5.5455
Island,0.844,Female,16.07,5.2514
Island,1.045,Male,17.65,5.9207
Island,1.106,Male,18.21,6.0746
Island,0.913,Male,16.73,5.4566
Island,0.964,Male,17.42,5.5345
Island,0.818,Male,15.4,5.3117
Island,0.753,Female,15.94,4.7246
Island,0.944,Male,16.79,5.6237
Island,0.92,Male,17.02,5.4041
Island,1.237,Male,18.02,6.8646
Island,0.864,Female,16.69,5.1774
Island,0.919,Male,16.4,5.6037
Island,1.025,Male,17.96,5.7078
Island,1.017,Male,16.82,6.0446
Island,1.166,Male,17.44,6.6858
Island,1.029,Male,17.76,5.7952
Island,1.137,Male,18.05,6.2988
Island,1.18,Male,17.78,6.6374
Island,0.992,Female,16.86,5.8824
Island,1.138,Male,17.87,6.3696
Island,1.191,Male,18.04,6.602
Island,1.014,Male,16.72,6.0642
Island,1.286,Male,18.84,6.8255
Island,0.612,Male,15.08,4.0589
Island,0.653,Male,15.13,4.3148
Island,0.831,Male,15.44,5.3821
Island,0.846,Female,16.06,5.2664
Island,0.922,Female,16.56,5.5686
Island,1.406,Male,19.15,7.3413
Island,1.294,Female,18.7,6.9198
Island,1.068,Male,17.52,6.0945
Island,1.17,Male,18.28,6.4011
Island,1.144,Male,18.01,6.3538
Island,0.904,Male,16.12,5.6079
Island,0.99,Male,16.91,5.8552
Island,1.064,Male,17.28,6.1563
Island,1.419,Male,18.75,7.568
Island,1.24,Female,18.96,6.5401
Island,1.158,Male,17.98,6.4405
Island,0.88,Male,16.64,5.2878
Island,0.94,Male,16.86,5.5747
Island,1.008,Male,17.02,5.9231
Island,1.007,Male,17.17,5.8635
Island,0.931,Male,16.46,5.6575
Island,1.199,Male,18.22,6.5821
Island,1.007,Male,17.37,5.7974
Island,0.979,Male,17.43,5.6161
Island,0.753,Male,15.31,4.919
Island,1.133,Male,17.89,6.3317
Island,1.184,Male,17.42,6.7968
Island,1.058,Male,17.56,6.0257
Island,0.85,Male,16.74,5.0764
Island,0.992,Male,17.46,5.6799
Island,0.793,Male,15.86,4.9991
Island,0.95,Male,17.13,5.5465
Island,1.131,Male,18.19,6.2177
Island,0.963,Male,17.31,5.5626
Island,0.804,Male,16.22,4.9575
Island,1.161,Male,18.43,6.2988
Island,1.054,Male,17.5,6.0235
Island,0.967,Male,16.3,5.9325
Island,1.085,Male,18.11,5.9912
Island,1.049,Male,17.33,6.0534
Island,1.368,Male,18.82,7.2696
Island,1.137,Male,17.17,6.6236
Island,0.991,Male,17.29,5.7316
Island,1.111,Male,17.51,6.3449
Island,0.742,Male,15.45,4.8038
Island,0.843,Male,16.47,5.1178
Island,1.117,Male,17.95,6.2215
Island,1.09,Male,18.31,5.9524
Island,1.054,Male,17.6,5.9886
Island,0.866,Male,16.99,5.0959
Island,1.165,Male,18.48,6.3041
Island,1.13,Male,18.23,6.1993
Island,1.248,Male,18.37,6.7955
Island,1.416,Male,19.51,7.2578
Island,1.4,Male,19.64,7.1276
Island,1.505,Male,19.1,7.8796
Island,1.507,Male,19.65,7.6692
Island,1.199,Female,18.94,6.3319
Island,1.048,Male,17.25,6.0747
Island,0.929,Male,17.45,5.3226
Island,1.13,Male,18.01,6.2729
Island,1.009,Male,17.23,5.8547
Island,1.058,Male,17.76,5.9579
Island,1.34,Male,18.73,7.1558
Island,0.803,Male,16.29,4.9306
Island,0.907,Male,16.61,5.4602
Island,1.054,Male,18.01,5.8536
Island,0.818,Male,16.27,5.0264
Island,0.73,Male,15.24,4.79
Island,0.747,Male,15.5,4.8194
Island,0.832,Male,16.5,5.0424
Island,0.761,Male,15.0,5.0733
Island,0.873,Male,16.77,5.2054
Island,0.86,Male,16.34,5.2632
Island,0.726,Male,16.12,4.5051
Island,0.818,Male,16.2,5.0494
Island,0.816,Male,16.04,5.0873
Island,1.152,Male,19.2,6.0
Island,0.813,Male,15.91,5.11
Island,1.126,Male,19.61,5.742
Island,1.051,Male,17.43,6.0285
Island,0.812,Male,17.63,4.6058
Island,0.903,Male,16.67,5.4166
Island,0.887,Female,17.42,5.0924
Island,0.942,Female,16.08,5.8589
Island,0.843,Male,16.05,5.2514
Island,1.37,Female,18.89,7.251
Island,1.081,Female,17.0,6.3588
Island,1.066,Male,17.53,6.081
Island,0.791,Male,15.66,5.0498
Island,1.101,Male,18.2,6.0495
Island,1.497,Female,19.82,7.5537
Island,0.911,Male,16.4,5.5549
Island,0.75,Male,15.43,4.8607
Island,0.675,Male,15.13,4.4613
Island,0.706,Male,16.14,4.3753
Island,0.697,Male,15.3,4.5562
Island,1.257,Male,19.11,6.5777
Island,1.193,Male,18.94,6.2988
Island,0.989,Female,17.19,5.7533
Island,0.879,Male,18.67,4.7081
Island,0.9,Male,15.8,5.6962
Island,0.999,Female,17.18,5.8149
Island,0.894,Female,16.3,5.4877
Island,1.449,Male,18.92,7.6569
Island,1.724,Male,21.22,8.1221
Island,1.157,Male,17.66,6.5515
Island,0.764,Male,15.93,4.7954
Island,0.86,Female,17.6,4.8864
Island,1.03,Male,16.6,6.2048
Island,0.808,Male,15.99,5.05
Island,1.058,Male,17.33,6.105
Island,1.036,Female,17.25,6.0058
Island,0.966,Male,17.44,5.5361
Island,1.037,Male,17.53,5.9142
Island,0.882,Male,16.59,5.3134
Island,0.652,Female,15.34,4.2498
Island,0.887,Male,16.94,5.2355
Island,1.17,Male,18.82,6.2141
Island,1.17,Male,18.57,6.3005
Island,0.813,Male,15.18,5.3557
Island,0.774,Female,15.66,4.9393
Island,0.865,Male,16.98,5.0948
Island,1.375,Female,19.44,7.073
Island,0.884,Male,16.71,5.2896
Island,0.959,Male,17.71,5.415
Island,1.085,Male,17.47,6.2092
Island,1.025,Male,17.49,5.8598
Island,0.977,Male,17.09,5.7175
Island,0.966,Male,16.4,5.8902
Island,0.794,Male,15.42,5.1492
Island,0.952,Male,17.19,5.5381
Island,1.37,Male,19.38,7.0688
Island,1.07,Male,17.68,6.0527
Island,0.856,Male,16.99,5.0368
Island,1.19,Male,18.35,6.485
Island,1.151,Male,18.15,6.3416
Island,0.904,Male,16.56,5.4583
Island,0.924,Male,16.87,5.4772
Island,1.228,Male,17.6,6.9773
Island,0.917,Male,16.86,5.4389
Island,0.856,Male,16.0,5.35
Island,0.822,Male,16.05,5.1221
Island,0.771,Male,15.31,5.0372
Island,1.289,Male,19.08,6.7558
Island,0.988,Male,17.04,5.7971
Island,1.074,Male,17.79,6.0371
Island,0.937,Male,16.26,5.7619
Island,1.17,Male,18.56,6.3039
Island,0.9,Male,17.33,5.1939
Island,0.957,Male,16.94,5.648
Island,1.219,Male,18.36,6.6387
Island,1.093,Male,18.15,6.0224
Island,0.972,Male,17.76,5.4742
Island,1.109,Male,17.64,6.2868
Island,0.87,Male,16.05,5.4209
Island,0.96,Male,17.74,5.4115
Island,0.982,Male,16.75,5.8627
Island,0.915,Male,17.28,5.2951
Island,0.871,Male,16.77,5.1938
Island,0.899,Male,16.25,5.5309
Island,1.008,Male,17.4,5.7931
Island,0.904,Male,16.44,5.4995
Island,0.915,Male,16.88,5.4219
Island,0.773,Male,15.8,4.8936
Mainland,0.906,Male,16.53,5.4816
Mainland,1.82,Female,20.85,8.7273
Mainland,0.928,Male,16.46,5.6379
Mainland,1.427,Male,19.7,7.2437
Mainland,1.367,Female,18.5,7.3892
Mainland,1.338,Male,19.2,6.9688
Mainland,1.345,Female,18.7,7.1925
Mainland,1.403,Male,18.7,7.5027
Mainland,0.966,Male,16.3,5.9264
Mainland,1.892,Female,20.5,9.2293
Mainland,1.169,Male,18.7,6.2513
Mainland,1.395,Male,18.44,7.5651
Mainland,1.196,Female,18.3,6.5355
Mainland,1.338,Female,18.3,7.3115
Mainland,0.796,Male,15.5,5.1355
Mainland,1.3,Male,18.3,7.1038
Mainland,1.147,Male,17.79,6.4474
Mainland,1.757,Female,19.8,8.8737
Mainland,1.06,Female,16.7,6.3473
Mainland,0.883,Female,15.7,5.6242
Mainland,1.448,Female,18.8,7.7021
Mainland,1.65,Female,20.7,7.971
Mainland,0.728,Male,15.2,4.7895
Mainland,1.048,Female,16.8,6.2381
Mainland,2.32,Female,22.44,10.3378
Mainland,1.007,Male,17.1,5.8889
Mainland,1.661,Female,20.4,8.1422
Mainland,1.622,Female,20.3,7.9901
Mainland,1.159,Male,18.4,6.2989
Mainland,0.854,Male,15.6,5.4744
Mainland,1.326,Male,19.3,6.8705
Mainland,1.324,Male,18.65,7.1007
Mainland,0.909,Male,16.4,5.5427
Mainland,0.915,Female,15.5,5.9032
Mainland,1.248,Female,18.7,6.6738
Mainland,0.79,Male,15.5,5.0968
Mainland,1.088,Male,17.7,6.1469
Mainland,1.985,Female,20.7,9.5894
Mainland,1.339,Male,18.7,7.1604
Mainland,1.318,Male,18.22,7.2322
Mainland,1.248,Male,17.8,7.0112
Mainland,1.174,Male,18.3,6.4153
Mainland,1.57,Female,19.3,8.1347
Mainland,1.263,Male,18.0,7.0167
Mainland,1.668,Female,20.0,8.34
Mainland,1.187,Male,17.1,6.9392
Mainland,1.486,Female,18.3,8.1202
Mainland,0.924,Male,16.0,5.775
Mainland,1.145,Male,17.3,6.6185
Mainland,1.281,Male,17.9,7.1564
Mainland,2.11,Female,21.9,9.6347
Mainland,1.683,Female,19.5,8.6308
Mainland,1.234,Male,18.0,6.8556
Mainland,1.501,Female,19.7,7.6193
Mainland,1.686,Female,19.9,8.4724
Mainland,1.193,Male,17.7,6.7386
Mainland,1.591,Female,20.1,7.9154
Mainland,0.76,Male,15.2,5.0
Mainland,1.459,Female,18.8,7.7606
Mainland,1.478,Female,19.16,7.7156
Mainland,2.557,Female,24.1,10.61
Mainland,1.35,Female,18.2,7.4176
Mainland,1.44,Female,18.3,7.8689
Mainland,1.566,Male,19.3,8.114
Mainland,1.165,Male,17.3,6.7341
Mainland,1.516,Female,19.84,7.6423
Mainland,1.58,Female,19.2,8.2292
Mainland,1.204,Female,17.0,7.0824
Mainland,0.911,Male,16.0,5.6938
Mainland,2.748,Female,23.8,11.5462
Mainland,1.093,Male,18.51,5.9062
Mainland,1.018,Male,16.66,6.1104
Mainland,1.291,Female,18.5,6.9784
Mainland,1.183,Male,18.39,6.4314
Mainland,1.507,Female,19.5,7.7282
Mainland,1.191,Female,17.9,6.6536
Mainland,1.217,Female,18.2,6.6868
Mainland,1.048,Female,16.8,6.2381
Mainland,2.056,Female,21.2,9.6981
Mainland,1.382,Female,19.3,7.1606
Mainland,1.411,Female,19.0,7.4263
Mainland,1.792,Female,20.03,8.9475
Mainland,1.243,Female,17.6,7.0625
Mainland,1.712,Female,19.6,8.7347
Mainland,1.11,Female,16.7,6.6467
Mainland,1.567,Female,19.3,8.1192
Mainland,1.095,Male,16.9,6.4793
Mainland,1.524,Female,19.2,7.9375
Mainland,0.988,Male,17.51,5.6418
Mainland,1.168,Male,18.3,6.3825
Mainland,1.172,Male,17.6,6.6591
Mainland,1.163,Male,17.4,6.6839
Mainland,1.725,Female,20.3,8.4975
Mainland,1.761,Female,20.4,8.6324
Mainland,1.828,Female,20.7,8.8309
Mainland,2.603,Female,23.8,10.937
Mainland,1.925,Female,21.8,8.8303
Mainland,0.933,Male,17.48,5.3369
Mainland,1.403,Male,18.9,7.4233
Mainland,1.351,Male,18.5,7.3027
Mainland,0.926,Male,16.6,5.5783
Mainland,1.12,Female,17.4,6.4368
Mainland,1.35,Female,18.0,7.5
Mainland,1.251,Female,17.8,7.0281
Mainland,1.45,Female,18.4,7.8804
Mainland,1.41,Male,18.8,7.5
Mainland,1.145,Female,17.2,6.657
Mainland,1.005,Male,16.87,5.9573
Mainland,1.157,Male,17.5,6.6114
Mainland,1.066,Male,16.4,6.5
Mainland,1.109,Male,17.35,6.3912
Mainland,1.727,Female,20.09,8.5955
Mainland,1.158,Male,17.65,6.5624
Mainland,1.26,Female,18.78,6.7093
Mainland,1.321,Female,18.2,7.2582
Mainland,0.83,Female,15.4,5.3896
Mainland,1.405,Female,19.2,7.3169
Mainland,0.869,Female,15.23,5.7058
Mainland,1.668,Female,20.22,8.2493
Mainland,1.136,Male,17.37,6.5415
Mainland,1.349,Male,18.46,7.3085
Mainland,1.857,Female,21.18,8.7694
Mainland,0.803,Male,15.66,5.1277
Mainland,1.616,Female,20.06,8.0566
Mainland,1.184,Male,18.33,6.4601
Mainland,2.207,Female,21.9,10.0776
Mainland,1.0,Female,17.4,5.7471
Mainland,1.652,Female,20.61,8.014
Mainland,1.78,Female,21.25,8.3765
Mainland,0.949,Female,17.15,5.5335
Mainland,1.645,Female,19.45,8.4576
Mainland,2.063,Female,20.87,9.885
Mainland,1.169,Male,17.78,6.5748
Mainland,2.256,Female,22.8,9.8947
Mainland,1.78,Female,20.22,8.8032
Mainland,1.806,Female,20.9,8.6411
Mainland,1.065,Female,17.03,6.2537
Mainland,1.771,Female,20.9,8.4737
Mainland,1.336,Female,18.5,7.2216
Mainland,0.719,Male,15.03,4.7838
Mainland,1.745,Female,19.9,8.7688
Mainland,0.86,Male,16.8,5.119
Mainland,1.314,Male,18.78,6.9968
Mainland,1.375,Male,18.55,7.4132
Mainland,1.417,Female,19.17,7.3918
Mainland,1.364,Female,18.56,7.3491
Mainland,0.797,Female,15.19,5.2469
Mainland,1.503,Female,19.71,7.6256
Mainland,1.142,Male,17.74,6.4374
Mainland,1.618,Female,19.8,8.1717
Mainland,0.823,Female,15.55,5.2926
Mainland,1.559,Female,19.35,8.0568
Mainland,1.017,Male,16.49,6.1674
Mainland,1.165,Male,18.48,6.3027
Mainland,0.881,Male,16.3,5.4049
Mainland,1.627,Female,19.61,8.2968
Mainland,0.936,Female,16.1,5.8137
Mainland,1.095,Male,17.57,6.2322
Mainland,0.801,Male,15.6,5.1346
Mainland,1.022,Male,17.05,5.9941
Mainland,1.74,Female,20.37,8.542
Mainland,1.025,Male,16.95,6.0472
Mainland,1.158,Male,18.21,6.3591
Mainland,0.858,Male,16.24,5.2833
Mainland,1.882,Female,20.93,8.9919
Mainland,1.445,Male,18.9,7.6455
Mainland,1.566,Female,19.69,7.9533
Mainland,1.078,Female,17.08,6.3115
Mainland,1.242,Male,17.8,6.9775
Mainland,1.171,Male,17.59,6.6572
Mainland,0.992,Female,16.28,6.0934
Mainland,1.448,Female,19.3,7.5026
Mainland,1.387,Female,18.74,7.4013
Mainland,1.544,Female,19.44,7.9403
Mainland,0.882,Male,17.01,5.1852
Mainland,1.003,Male,17.6,5.6989
Mainland,1.862,Female,20.97,8.8794
Mainland,2.233,Female,21.4,10.4346
Mainland,1.249,Male,19.07,6.5496
Mainland,0.958,Male,17.17,5.5795
Mainland,1.165,Female,18.0,6.4722
Mainland,1.288,Female,18.77,6.862
Mainland,1.961,Female,21.35,9.185
Mainland,1.394,Female,18.5,7.5351
Mainland,1.3,Female,18.72,6.9459
Mainland,1.501,Female,19.61,7.6543
Mainland,0.837,Male,16.24,5.1539
Mainland,1.52,Female,19.83,7.6652
Mainland,1.35,Female,18.5,7.2973
Mainland,1.714,Female,20.03,8.5572
Mainland,1.704,Female,20.11,8.4734
Mainland,1.18,Male,17.56,6.7198
Mainland,1.622,Male,21.17,7.6618
Mainland,1.646,Female,20.03,8.2177
Mainland,1.05,Male,17.45,6.0172
Mainland,0.813,Female,15.49,5.2485
Mainland,0.922,Male,16.74,5.5078
Mainland,2.152,Female,22.22,9.685
Mainland,1.612,Female,20.4,7.902
Mainland,1.67,Female,20.72,8.0598
Mainland,1.366,Male,19.54,6.9908
Mainland,1.615,Female,20.01,8.071
Mainland,0.874,Male,16.9,5.1716
Mainland,0.978,Male,17.24,5.6729
Mainland,1.401,Male,19.64,7.1334
Mainland,1.616,Female,19.89,8.1247
Mainland,1.291,Male,18.26,7.0701
Mainland,1.731,Female,20.26,8.5439
Mainland,1.294,Female,18.3,7.071
Mainland,0.795,Male,15.32,5.1893
Mainland,1.094,Male,17.33,6.3128
Mainland,1.044,Male,17.47,5.976
Mainland,1.136,Female,16.62,6.8351
Mainland,0.784,Male,15.27,5.1343
Mainland,0.763,Male,15.11,5.0496
Mainland,1.908,Female,21.08,9.053
Mainland,0.742,Male,15.07,4.9237
Mainland,1.376,Male,20.04,6.8663
Mainland,1.527,Female,19.76,7.7277
Mainland,1.316,Female,18.69,7.0412
Mainland,1.537,Female,19.86,7.7392
Mainland,1.421,Male,19.52,7.2797
Mainland,1.187,Male,17.7,6.7062
Mainland,1.738,Female,20.55,8.4574
Mainland,2.033,Female,21.21,9.5851
Mainland,0.867,Male,16.29,5.3223
Mainland,1.736,Female,20.5,8.4683
Mainland,1.207,Female,18.1,6.6685
Mainland,0.854,Female,16.06,5.3176
Mainland,1.302,Female,18.3,7.1148
Mainland,1.115,Male,17.83,6.2535
Mainland,1.71,Female,19.76,8.6538
Mainland,1.004,Male,17.66,5.6852
Mainland,1.272,Female,18.68,6.8094
Mainland,1.574,Female,19.87,7.9215
Mainland,1.27,Female,18.64,6.8133
Mainland,1.438,Female,19.47,7.3857
Mainland,0.754,Male,15.4,4.8961
Mainland,1.263,Female,18.21,6.9357
Mainland,1.096,Male,18.32,5.9825
Mainland,1.131,Male,17.82,6.3468
Mainland,1.175,Male,17.27,6.8037
Mainland,1.04,Female,17.3,6.0116
Mainland,1.418,Female,19.16,7.4008
Mainland,0.912,Male,15.77,5.7831
Mainland,1.309,Female,18.25,7.1726
Mainland,0.71,Male,15.02,4.727
Mainland,1.48,Female,19.25,7.6883
Mainland,1.513,Female,19.58,7.7273
Mainland,0.871,Male,16.89,5.1569
Mainland,1.828,Female,20.61,8.8695
Mainland,1.277,Male,18.36,6.9553
Mainland,1.484,Female,19.69,7.5368
Mainland,1.161,Male,18.28,6.3512
Mainland,0.865,Male,16.69,5.1827
Mainland,1.407,Male,18.96,7.4217
Mainland,1.281,Female,18.56,6.9019
Mainland,0.96,Male,16.5,5.8182
Mainland,1.855,Female,20.64,8.9874
Mainland,1.147,Male,17.35,6.611
Mainland,1.278,Female,18.49,6.9118
Mainland,1.734,Female,18.8,9.2234
Mainland,0.795,Male,16.12,4.9318
Mainland,1.255,Male,18.5,6.7838
Mainland,0.873,Male,16.5,5.2909
Mainland,1.344,Female,18.92,7.1036
Mainland,1.042,Male,18.33,5.6847
Mainland,1.242,Male,18.47,6.7244
Mainland,0.883,Male,16.65,5.3033
Mainland,0.767,Male,15.82,4.8483
Mainland,0.874,Female,16.11,5.4252
Mainland,1.336,Female,18.97,7.0427
Mainland,1.665,Female,20.32,8.1939
Mainland,1.475,Female,19.75,7.4668
Mainland,1.65,Female,19.83,8.319
Mainland,1.256,Female,19.0,6.6105
Mainland,1.493,Female,18.4,8.1141
Mainland,1.601,Female,19.3,8.2953
Mainland,1.404,Female,19.17,7.3224
Mainland,1.737,Female,20.16,8.6161
Mainland,1.77,Female,20.74,8.5342
Mainland,1.577,Female,19.5,8.0872
Mainland,1.253,Female,18.3,6.847
Mainland,1.721,Female,20.52,8.3869
Mainland,1.69,Female,20.1,8.408
Mainland,1.432,Male,18.96,7.5527
Mainland,1.309,Male,18.06,7.2481
Mainland,1.797,Female,20.23,8.8828
Mainland,0.742,Male,15.2,4.8816
Mainland,0.836,Male,15.6,5.359
Mainland,1.309,Female,18.24,7.1765
Mainland,1.742,Female,20.44,8.5225
Mainland,1.417,Female,19.2,7.3802
Mainland,1.072,Male,17.9,5.9888
Mainland,1.308,Female,18.2,7.1868
Mainland,1.483,Male,19.54,7.5896
Mainland,1.226,Female,18.22,6.7289
Mainland,0.954,Male,16.8,5.6786
Mainland,1.2,Male,17.8,6.7416
Mainland,0.998,Male,16.6,6.012
Mainland,1.397,Female,18.4,7.5924
Mainland,1.187,Male,18.27,6.497
Mainland,0.939,Female,15.96,5.8835
Mainland,1.922,Female,20.7,9.285
Mainland,1.166,Male,17.26,6.7547
Mainland,1.477,Female,19.77,7.4709
Mainland,1.702,Female,21.08,8.074
Mainland,1.998,Female,21.52,9.2844
Mainland,1.59,Female,20.33,7.821
Mainland,1.892,Female,20.75,9.1181
Mainland,1.337,Male,17.7,7.5537
Mainland,2.139,Female,22.3,9.5919
Mainland,1.268,Female,18.1,7.0055
Mainland,1.35,Male,18.34,7.361
Mainland,1.845,Female,20.93,8.8151
Mainland,1.346,Female,18.28,7.3616
Mainland,1.512,Male,19.9,7.598
Mainland,1.146,Female,17.7,6.4746
Mainland,1.892,Female,20.6,9.1845
Mainland,1.298,Female,18.1,7.1713
Mainland,1.835,Female,20.7,8.8647
Mainland,1.664,Female,19.8,8.404
Mainland,1.616,Female,20.0,8.08
Mainland,1.451,Female,19.0,7.6368
Mainland,1.411,Female,18.5,7.627
Mainland,1.974,Female,21.06,9.3741
Mainland,0.652,Male,15.0,4.3467
Mainland,1.542,Male,20.1,7.6716
Mainland,0.881,Male,16.72,5.2691
Mainland,0.926,Male,16.43,5.636
Mainland,1.111,Male,17.55,6.3305
Mainland,0.833,Male,15.75,5.2889
Mainland,1.193,Female,18.8,6.3457
Mainland,0.935,Female,15.73,5.9441
Mainland,1.029,Male,16.7,6.1617
Mainland,1.574,Female,19.9,7.9095
Mainland,0.75,Male,15.1,4.9669
Mainland,1.257,Female,18.0,6.9833
Mainland,1.008,Male,17.0,5.9294
Mainland,1.532,Female,19.4,7.8969
Mainland,0.967,Male,16.5,5.8606
Mainland,1.354,Female,20.1,6.7363
Mainland,0.902,Female,16.0,5.6375
Mainland,0.921,Male,15.7,5.8662
Mainland,0.772,Male,16.2,4.7654
Mainland,1.327,Female,18.42,7.2033
Mainland,1.376,Male,18.4,7.4783
Mainland,1.364,Female,19.4,7.0309
Mainland,1.069,Male,16.9,6.3254
Mainland,1.154,Male,18.5,6.2378
Mainland,1.532,Female,19.1,8.0209
Mainland,0.926,Male,16.7,5.5449
Mainland,1.728,Female,21.2,8.1509
Mainland,1.463,Female,19.4,7.5412
Mainland,2.144,Female,22.06,9.7189
Mainland,0.961,Male,16.72,5.7476
Mainland,1.08,Female,16.9,6.3905
Mainland,1.307,Female,18.62,7.0193
Mainland,0.758,Female,15.34,4.9413
Mainland,0.895,Male,16.1,5.559
Mainland,0.946,Male,17.23,5.4904
Mainland,1.069,Male,17.34,6.1649
Mainland,1.65,Female,20.53,8.037
Mainland,1.142,Female,17.5,6.5257
Mainland,1.487,Female,19.1,7.7853
Mainland,2.06,Female,22.5,9.1556
Mainland,0.831,Male,15.96,5.2074
Mainland,1.676,Female,20.55,8.1573
Mainland,2.162,Female,21.4,10.1028
Mainland,1.08,Female,17.84,6.0538
Mainland,1.213,Female,17.75,6.8338
Mainland,0.82,Male,15.5,5.2903
Mainland,1.44,Male,18.6,7.7419
Mainland,1.587,Female,20.17,7.8681
Mainland,1.662,Female,19.47,8.5362
Mainland,1.838,Female,20.9,8.7943
Mainland,1.809,Female,21.64,8.3584
Mainland,1.202,Female,17.65,6.8102
Mainland,1.288,Female,17.27,7.458
Mainland,1.019,Female,16.0,6.3688
Mainland,1.935,Female,21.5,9.0
Mainland,2.308,Female,22.14,10.4246
Mainland,1.033,Male,17.04,6.0622
Mainland,1.055,Male,16.9,6.2426
Mainland,1.173,Male,17.7,6.6271
Mainland,1.539,Female,19.52,7.8842
Mainland,0.918,Female,16.67,5.5056
Mainland,1.999,Female,21.42,9.3324
Mainland,1.388,Male,18.92,7.3362
Mainland,0.928,Male,16.5,5.6242
Mainland,1.043,Male,18.1,5.7624
Mainland,2.03,Female,21.45,9.4639
Mainland,0.866,Female,15.4,5.6234
Mainland,0.928,Female,15.64,5.9335
Mainland,0.902,Male,16.7,5.4012
Mainland,0.867,Male,15.6,5.5577
Mainland,1.634,Female,20.2,8.0891
Mainland,1.9,Female,21.32,8.9127
Mainland,0.763,Male,15.0,5.0867
Mainland,1.88,Female,20.7,9.0821
Mainland,1.724,Female,19.9,8.6633
Mainland,1.31,Male,17.9,7.3184
Mainland,1.809,Female,21.4,8.4533
Mainland,2.274,Female,21.82,10.4216
Mainland,1.826,Female,20.29,8.9995
Mainland,2.231,Female,22.24,10.0315
Mainland,0.898,Male,16.36,5.4897
Mainland,1.354,Male,18.43,7.3489
Mainland,1.142,Male,17.87,6.3917
Mainland,1.406,Male,18.78,7.4888
Mainland,1.283,Male,16.97,7.5604
Mainland,1.359,Female,18.85,7.2095
Mainland,1.356,Female,17.84,7.6009
Mainland,0.886,Female,15.7,5.6433
Mainland,1.206,Male,18.49,6.5214
Mainland,1.134,Female,17.56,6.4556
Mainland,1.571,Female,19.47,8.0678
Mainland,0.815,Female,15.79,5.1621
Mainland,1.275,Male,18.44,6.9143
Mainland,0.959,Male,16.8,5.7083
Mainland,0.735,Male,15.0,4.9
Mainland,1.044,Male,17.06,6.1196
Mainland,1.772,Female,20.4,8.6863
Mainland,1.751,Female,20.22,8.6597
Mainland,1.013,Male,17.5,5.7886
Mainland,0.773,Female,15.0,5.1533
Mainland,1.301,Female,18.0,7.2278
Mainland,1.517,Female,20.06,7.5623
Mainland,1.143,Male,17.62,6.4884
Mainland,0.997,Female,16.53,6.0315
Mainland,1.331,Female,18.84,7.0648
Mainland,1.773,Female,20.8,8.524
Mainland,0.994,Male,16.5,6.0242
Mainland,1.375,Female,18.54,7.4164
Mainland,1.891,Female,20.7,9.1353
Mainland,0.889,Male,16.67,5.3323
Mainland,1.948,Female,20.87,9.334
Mainland,1.161,Male,17.5,6.6343
Mainland,0.939,Male,15.8,5.943
Mainland,1.714,Female,19.6,8.7449
Mainland,1.427,Male,18.85,7.5703
Mainland,1.495,Female,20.3,7.3645
Mainland,1.7,Female,19.7,8.6294
Mainland,1.634,Female,20.2,8.0891
Mainland,0.996,Male,17.07,5.8334
Mainland,1.783,Female,20.35,8.7617
Mainland,1.821,Female,19.95,9.1278
Mainland,1.766,Female,19.7,8.9645
Mainland,1.525,Female,19.2,7.9427
Mainland,1.848,Female,20.5,9.0146
Mainland,1.5,Female,19.1,7.8534
Mainland,1.21,Male,17.3,6.9942
Mainland,1.832,Female,20.1,9.1144
Mainland,1.958,Female,21.2,9.2358
Mainland,1.1,Male,17.97,6.1206
Mainland,1.806,Female,20.5,8.8098
Mainland,2.316,Female,21.8,10.6239
Mainland,0.962,Male,16.1,5.9752
Mainland,1.589,Female,20.1,7.9055
Mainland,1.138,Male,17.4,6.541
Mainland,1.829,Female,20.3,9.0116
Mainland,1.736,Female,20.2,8.5941
Mainland,1.509,Female,18.8,8.0266
Mainland,2.256,Female,21.7,10.3963
Mainland,1.653,Female,20.06,8.2423
Mainland,1.718,Female,20.3,8.4631
Mainland,2.223,Female,22.0,10.1045
Mainland,2.092,Female,20.0,10.46
Mainland,2.004,Female,21.8,9.1927
Mainland,1.875,Female,20.7,9.058
Mainland,1.805,Female,21.2,8.5142
Mainland,0.929,Male,17.05,5.4487
Mainland,1.677,Female,20.15,8.3226
Mainland,2.05,Female,22.12,9.2676
Mainland,1.405,Male,18.55,7.5741
Mainland,0.967,Male,17.0,5.6882
Mainland,1.763,Female,19.9,8.8593
Mainland,1.032,Female,17.1,6.0351
Mainland,1.695,Female,21.75,7.7931
Mainland,2.19,Female,22.8,9.6053
Mainland,1.58,Female,19.8,7.9798
Mainland,0.861,Male,16.19,5.3174
Mainland,1.057,Female,16.9,6.2544
Mainland,1.789,Female,20.5,8.7268
Mainland,1.073,Male,17.3,6.2023
Mainland,1.523,Female,19.75,7.7114
Mainland,1.759,Female,20.35,8.6437
Mainland,1.919,Female,20.6,9.3155
Mainland,1.509,Female,19.8,7.6212
Mainland,0.893,Male,16.15,5.5294
Mainland,1.39,Female,18.6,7.4731
Mainland,1.019,Male,17.23,5.9141
Mainland,0.988,Male,16.75,5.8985
Mainland,1.15,Female,17.9,6.4246
Mainland,1.102,Male,17.45,6.3152
Mainland,2.302,Female,22.8,10.0965
Mainland,1.715,Female,20.65,8.3051
Mainland,1.144,Male,17.3,6.6127
Mainland,1.632,Male,20.4,8.0
Mainland,1.472,Male,19.1,7.7068
Mainland,1.508,Female,19.5,7.7333
Mainland,1.649,Female,19.5,8.4564
Mainland,1.738,Female,20.51,8.4731
Mainland,0.695,Male,15.55,4.4695
Mainland,1.48,Female,19.5,7.5897
Mainland,1.097,Male,17.4,6.3046
Mainland,1.468,Female,19.55,7.509
Mainland,1.418,Female,19.2,7.3854
Mainland,0.93,Female,16.0,5.8125
Mainland,1.456,Female,19.85,7.335
Mainland,0.788,Male,15.6,5.0513
Mainland,1.456,Male,19.3,7.544
Mainland,1.71,Female,19.75,8.6582
Mainland,0.899,Male,16.1,5.5839
Mainland,1.609,Female,19.9,8.0854
Mainland,1.178,Male,17.35,6.7896
Mainland,1.968,Female,19.9,9.8894
Mainland,1.265,Female,16.9,7.4852
Mainland,1.284,Female,17.8,7.2135
Mainland,1.539,Female,19.6,7.852
Mainland,0.978,Male,16.2,6.037
Mainland,1.695,Female,20.3,8.3498
Mainland,1.772,Female,19.9,8.9045
Mainland,1.4,Female,19.3,7.2539
Mainland,1.488,Female,19.3,7.7098
Mainland,1.102,Female,16.8,6.5595
Mainland,0.934,Male,16.1,5.8012
Mainland,1.19,Male,17.7,6.7232
Mainland,1.669,Female,19.8,8.4293
Mainland,0.888,Female,15.3,5.8039
Mainland,1.331,Male,19.18,6.9402
Mainland,1.12,Female,16.3,6.8712
Mainland,1.223,Male,17.8,6.8708
Mainland,1.585,Female,19.4,8.1701
Mainland,1.422,Female,19.1,7.445
Mainland,0.862,Female,15.3,5.634
Mainland,1.066,Male,16.9,6.3077
Mainland,0.879,Male,16.4,5.3598
Mainland,2.345,Female,22.5,10.4222
Mainland,1.92,Female,21.1,9.0995
Mainland,1.418,Female,19.3,7.3472
Mainland,1.453,Female,19.31,7.5246
Mainland,2.572,Female,23.7,10.8523
Mainland,1.612,Male,20.2,7.9802
Mainland,1.935,Female,21.1,9.1706
Mainland,1.488,Female,18.2,8.1758
Mainland,0.952,Female,15.7,6.0637
Mainland,1.816,Female,21.16,8.5822
Mainland,1.168,Male,18.87,6.1897
Mainland,1.623,Female,20.0,8.115
Mainland,1.754,Female,20.8,8.4327
Mainland,1.218,Male,18.21,6.6886
Mainland,2.317,Female,23.0,10.0739
Mainland,2.019,Female,22.1,9.1357
Mainland,1.37,Female,18.6,7.3656
Mainland,1.482,Female,19.1,7.7592
Mainland,1.076,Male,17.2,6.2573
Mainland,1.192,Female,17.4,6.8506
Mainland,1.773,Female,19.9,8.9095
Mainland,2.015,Female,21.4,9.4159
Mainland,1.917,Female,20.9,9.1722
Mainland,0.984,Male,17.0,5.7882
Mainland,1.514,Female,19.8,7.6465
Mainland,1.509,Male,20.5,7.361
Mainland,1.255,Male,18.0,6.9722
Mainland,0.974,Male,16.4,5.939
Mainland,1.0,Male,16.4,6.0976
Mainland,1.915,Female,20.2,9.4802
Mainland,1.67,Female,20.2,8.2673
Mainland,1.227,Female,17.3,7.0925
Mainland,1.622,Male,20.2,8.0297
Mainland,1.86,Female,21.0,8.8571
Mainland,1.012,Male,16.88,5.9942
Mainland,1.433,Female,19.0,7.5421
Mainland,0.976,Male,16.9,5.7751
Mainland,1.334,Male,18.2,7.3297
Mainland,0.991,Female,16.2,6.1173
Mainland,1.131,Female,17.6,6.4261
Mainland,1.848,Female,20.7,8.9275
Mainland,0.759,Male,15.13,5.0159
Mainland,0.891,Male,15.9,5.6038
Mainland,1.179,Male,18.0,6.55
Mainland,1.238,Male,18.1,6.8398
Mainland,1.194,Female,17.9,6.6704
Mainland,1.092,Female,17.5,6.24
Mainland,1.239,Female,17.7,7.0
Mainland,0.822,Male,15.8,5.2025
Mainland,1.369,Female,18.0,7.6056
Mainland,0.816,Male,15.3,5.3333
Mainland,1.238,Female,17.8,6.9551
Mainland,1.333,Female,18.9,7.0529
Mainland,1.139,Male,17.4,6.546
Mainland,0.951,Male,17.2,5.5291
Mainland,1.656,Female,19.9,8.3216
Mainland,1.911,Female,20.7,9.2319
Mainland,1.05,Male,17.9,5.8659
Mainland,2.313,Female,22.41,10.3204
Mainland,1.045,Male,17.5,5.9714
Mainland,0.938,Female,16.2,5.7901
Mainland,1.346,Female,18.7,7.1979
Mainland,1.362,Female,18.1,7.5249
Mainland,0.728,Male,15.1,4.8212
Mainland,0.868,Male,15.6,5.5641
Mainland,1.71,Female,20.18,8.4754
Mainland,1.819,Male,21.4,8.5
Mainland,0.98,Male,18.0,5.4444
Mainland,1.732,Female,20.9,8.2871
Mainland,1.616,Female,20.35,7.941
Mainland,1.974,Female,21.65,9.1178
Mainland,1.787,Female,20.78,8.598
Mainland,1.487,Female,19.3,7.7047
Mainland,1.02,Male,16.85,6.0534
Mainland,1.269,Male,18.3,6.9344
Mainland,0.902,Male,16.1,5.6025
Mainland,1.453,Female,19.2,7.5677
Mainland,0.85,Male,15.85,5.3628
Mainland,0.824,Male,15.8,5.2152
Mainland,1.846,Female,20.8,8.875
Mainland,0.93,Male,17.15,5.4227
Mainland,1.56,Female,19.58,7.9673
Mainland,1.31,Female,18.4,7.1196
Mainland,1.45,Male,19.2,7.5521
Mainland,0.786,Male,15.5,5.071
Mainland,1.084,Male,16.5,6.5697
Mainland,1.22,Male,18.45,6.6125
Mainland,1.004,Male,16.8,5.9762
Mainland,0.842,Male,16.06,5.2422
Mainland,1.423,Female,19.2,7.4115
Mainland,1.364,Female,18.3,7.4536
Mainland,1.391,Female,18.7,7.4385
Mainland,1.549,Female,19.8,7.8232
Mainland,1.698,Female,21.0,8.0857
Mainland,1.903,Female,20.6,9.2379
Mainland,1.753,Female,19.2,9.1302
Mainland,0.833,Male,15.6,5.3397
Mainland,1.557,Female,19.5,7.9846
Mainland,1.018,Male,17.65,5.7664
Mainland,1.226,Female,17.1,7.1696
Mainland,1.294,Male,18.4,7.0326
Mainland,1.302,Female,18.5,7.0378
Mainland,1.586,Female,19.8,8.0101
Mainland,1.024,Female,16.9,6.0592
Mainland,1.096,Male,17.2,6.3721
Mainland,1.861,Female,20.4,9.1225
Mainland,1.225,Male,17.3,7.0809
Mainland,1.374,Female,18.2,7.5495
Mainland,0.871,Female,16.1,5.4099
Mainland,1.55,Female,19.32,8.0244
Mainland,0.941,Male,16.1,5.8447
Mainland,1.346,Female,19.0,7.0842
Mainland,1.753,Female,20.2,8.6782
Mainland,0.958,Male,17.1,5.6023
Mainland,1.779,Female,19.3,9.2176
Mainland,0.956,Male,16.7,5.7246
Mainland,1.77,Female,20.4,8.6765
Mainland,1.42,Female,18.91,7.5077
Mainland,1.495,Female,18.5,8.0811
Mainland,0.921,Male,15.9,5.7925
Mainland,1.773,Female,20.0,8.865
Mainland,1.3,Male,18.3,7.1038
Mainland,0.994,Male,16.2,6.1358
Mainland,0.696,Male,15.09,4.6123
Mainland,1.841,Female,21.2,8.684
Mainland,1.444,Male,18.7,7.7219
Mainland,1.863,Female,21.3,8.7465
Mainland,2.18,Female,22.0,9.9091
Mainland,1.189,Female,18.11,6.5654
Mainland,1.745,Male,20.1,8.6816
Mainland,0.905,Female,15.6,5.8013
Mainland,1.15,Female,17.2,6.686
Mainland,1.12,Male,17.9,6.257
Mainland,1.161,Female,17.94,6.4709
Mainland,0.996,Male,17.4,5.7241
Mainland,1.376,Male,18.8,7.3191
Mainland,0.92,Female,15.7,5.8599
Mainland,0.85,Male,15.4,5.5195
Mainland,1.508,Female,19.6,7.6939
Mainland,1.648,Male,20.0,8.24
Mainland,1.47,Female,19.5,7.5385
Mainland,0.753,Male,15.0,5.02
Mainland,0.914,Male,16.6,5.506
Mainland,1.523,Male,19.7,7.731
Mainland,1.776,Male,20.8,8.5385
Mainland,2.093,Female,22.3,9.3857
Mainland,1.063,Male,17.9,5.9385
Mainland,1.5,Female,18.6,8.0645
Mainland,1.485,Male,19.29,7.6991
Mainland,0.839,Male,16.2,5.179
Mainland,1.913,Female,20.6,9.2864
Mainland,1.398,Female,18.8,7.4362
Mainland,2.043,Female,21.6,9.4583
Mainland,1.056,Male,17.1,6.1754
Mainland,1.381,Female,18.5,7.4649
Mainland,1.262,Female,17.4,7.2529
Mainland,0.819,Male,15.8,5.1835
Mainland,0.968,Male,16.4,5.9024
Mainland,1.133,Female,17.4,6.5115
Mainland,0.987,Male,16.5,5.9818
Mainland,0.847,Male,15.4,5.5
Mainland,1.229,Male,18.4,6.6793
Mainland,1.14,Female,16.8,6.7857
Mainland,1.035,Male,16.2,6.3889
Mainland,2.058,Female,20.7,9.942
Mainland,1.539,Female,19.2,8.0156
Mainland,1.297,Female,18.4,7.0489
Mainland,1.316,Female,18.4,7.1522
Mainland,1.787,Female,20.6,8.6748
Mainland,1.861,Female,19.4,9.5928
Mainland,2.36,Female,23.4,10.0855
Mainland,1.066,Female,16.9,6.3077
Mainland,1.69,Female,19.7,8.5787
Mainland,1.944,Female,21.9,8.8767
Mainland,1.586,Female,19.4,8.1753
Mainland,2.016,Female,21.2,9.5094
Mainland,1.353,Female,19.3,7.0104
Mainland,1.228,Male,18.5,6.6378
Mainland,1.478,Male,19.4,7.6186
Mainland,1.213,Male,18.3,6.6284
Mainland,1.424,Female,18.7,7.615
Mainland,1.2,Female,18.1,6.6298
Mainland,2.083,Female,21.2,9.8255
Mainland,1.777,Female,21.0,8.4619
Mainland,1.738,Female,20.5,8.478
Mainland,1.939,Female,21.5,9.0186
Mainland,1.45,Female,19.2,7.5521
Mainland,0.877,Male,16.4,5.3476
Mainland,1.397,Male,19.0,7.3526
Mainland,1.277,Female,17.9,7.1341
Mainland,1.1,Male,17.7,6.2147
Mainland,1.469,Female,19.05,7.7113
Mainland,1.314,Male,17.8,7.382
Mainland,0.843,Female,15.1,5.5828
Mainland,1.396,Female,18.9,7.3862
Mainland,1.015,Female,16.1,6.3043
Mainland,1.504,Female,19.3,7.7927
Mainland,1.142,Female,17.1,6.6784
Mainland,1.777,Female,19.6,9.0663
Mainland,0.981,Male,16.9,5.8047
Mainland,1.913,Female,20.4,9.3775
Mainland,2.025,Female,21.1,9.5972
Mainland,1.708,Female,20.1,8.4975
Mainland,1.307,Male,19.1,6.8429
Mainland,1.138,Male,17.52,6.4973
Mainland,1.724,Female,20.1,8.5771
Mainland,1.537,Female,19.0,8.0895
Mainland,1.803,Female,20.1,8.9701
Mainland,1.048,Female,16.7,6.2754
Mainland,1.944,Female,21.2,9.1698
Mainland,1.825,Female,21.3,8.5681
Mainland,1.538,Female,19.4,7.9278
Mainland,1.374,Female,18.2,7.5495
Mainland,1.782,Female,20.5,8.6927
Mainland,1.907,Female,20.4,9.348
Mainland,1.262,Male,18.4,6.8587
Mainland,1.831,Female,20.6,8.8883
Mainland,1.489,Female,18.7,7.9626
Mainland,1.276,Female,17.9,7.1285
Mainland,1.304,Female,19.7,6.6193
Mainland,1.474,Female,18.9,7.7989
Mainland,1.604,Female,19.9,8.0603
Mainland,1.686,Female,20.5,8.2244
Mainland,1.271,Female,17.5,7.2629
Mainland,1.853,Female,19.9,9.3116
Mainland,0.835,Male,15.7,5.3185
Mainland,2.231,Female,21.9,10.1872
Mainland,1.154,Female,17.32,6.6609
Mainland,1.315,Female,17.94,7.3316
Mainland,1.969,Female,21.4,9.2009
Mainland,1.569,Female,19.3,8.1295
Mainland,1.705,Male,19.9,8.5678
Mainland,2.042,Female,22.0,9.2818
Mainland,2.13,Female,21.2,10.0472
Mainland,2.262,Female,23.3,9.7082
Mainland,1.212,Male,17.97,6.7434
Mainland,2.23,Female,22.0,10.1364
Mainland,1.848,Female,21.0,8.8
Mainland,2.151,Female,21.8,9.867
Mainland,0.857,Male,16.17,5.3012
Mainland,1.051,Female,17.0,6.1824
Mainland,1.529,Male,19.4,7.8814
Mainland,0.884,Male,16.3,5.4233
Mainland,0.813,Male,15.7,5.1783
Mainland,0.984,Female,15.6,6.3077
Mainland,1.081,Male,17.1,6.3216
Mainland,1.722,Female,20.3,8.4828
Mainland,1.497,Male,19.64,7.6238
Mainland,2.054,Female,22.2,9.2523
Mainland,1.504,Male,19.6,7.6735
Mainland,1.897,Female,20.5,9.2537
Mainland,1.5,Male,19.1,7.8534
Mainland,1.725,Female,20.6,8.3738
Mainland,0.964,Female,16.3,5.9141
Mainland,0.868,Male,15.7,5.5287
Mainland,1.884,Female,20.7,9.1014
Mainland,2.058,Female,21.9,9.3973
Mainland,1.912,Female,21.0,9.1048
Mainland,1.263,Male,17.6,7.1761
Mainland,1.947,Female,21.6,9.0139
Mainland,1.208,Female,17.6,6.8636
Mainland,1.487,Female,19.4,7.6649
Mainland,1.653,Female,20.0,8.265
Mainland,1.198,Female,16.9,7.0888
Mainland,1.275,Female,17.7,7.2034
Mainland,1.79,Female,20.9,8.5646
Mainland,1.203,Male,19.0,6.3316
Mainland,1.143,Female,16.8,6.8036
Mainland,2.0,Female,22.1,9.0498
Mainland,0.908,Male,16.5,5.503
Mainland,1.655,Female,20.9,7.9187
Mainland,1.059,Male,17.7,5.9831
Mainland,1.149,Female,17.2,6.6802
Mainland,0.994,Male,16.5,6.0242
Mainland,1.325,Male,18.8,7.0479
Mainland,0.975,Male,16.6,5.8735
Mainland,1.149,Male,17.5,6.5657
Mainland,1.812,Female,20.6,8.7961
Mainland,0.823,Male,15.8,5.2089
Mainland,1.426,Female,18.8,7.5851
Mainland,1.271,Female,18.6,6.8333
Mainland,1.355,Male,19.7,6.8782
Mainland,1.306,Male,18.4,7.0978
Mainland,1.186,Female,17.8,6.6629
Mainland,1.272,Female,18.1,7.0276
Mainland,1.702,Female,20.0,8.51
Mainland,1.414,Female,20.4,6.9314
Mainland,1.459,Female,20.1,7.2587
Mainland,1.566,Female,21.2,7.3868
Mainland,0.986,Male,16.7,5.9042
Mainland,1.864,Female,21.5,8.6698
