Town size,Education score,Deprivation,Adult degrees,Region,Coastal,University
Small,-0.533750422,Higher,Low,East Midlands,Not coastal,No university
Small,1.952018749,Mid,Medium,South West,Not coastal,No university
Small,-1.044127985,Lower,Medium,East of England,Not coastal,No university
Small,-1.249261949,Lower,Medium,Yorkshire and The Humber,Not coastal,No university
Small,-1.169078452,Higher,Low,East of England,Not coastal,No university
Small,0.84513109,Lower,Low,North West,Not coastal,No university
Small,-3.717919688,Higher,Low,East Midlands,Not coastal,No university
Medium,-2.171307159,Higher,Low,East of England,Not coastal,No university
Small,6.437661398,Lower,Medium,West Midlands,Not coastal,No university
Small,0.29540337,Lower,Medium,East of England,Not coastal,No university
Small,4.304494117,Lower,Medium,West Midlands,Not coastal,No university
Small,-4.001866891,Mid,Low,East Midlands,Not coastal,No university
Small,-5.023115005,Higher,Medium,South East,Coastal,No university
Small,-1.26838592,Mid,Low,North West,Not coastal,No university
Small,-1.264372252,Mid,Medium,East Midlands,Not coastal,No university
Small,-0.718396082,Mid,Low,North West,Not coastal,No university
Small,-4.061010691,Higher,Low,North East,Not coastal,No university
Small,0.742113567,Higher,Low,Yorkshire and The Humber,Not coastal,No university
Medium,0.263105429,Higher,Low,North West,Not coastal,No university
Small,1.608629917,Lower,Medium,East of England,Not coastal,No university
Small,-3.9569896,Mid,Low,East Midlands,Not coastal,No university
Small,-7.090910923,Higher,Low,North East,Coastal,No university
Small,1.381818433,Higher,Low,North East,Not coastal,No university
Medium,0.183946279,Mid,Medium,South East,Coastal,No university
Small,-3.813706933,Higher,Low,Yorkshire and The Humber,Not coastal,No university
Small,1.419986073,Lower,Medium,South West,Coastal,No university
Small,-0.309563755,Lower,Medium,East of England,Not coastal,No university
Small,-0.955169026,Mid,Low,North East,Not coastal,No university
Small,3.999734957,Lower,Medium,North West,Not coastal,No university
Small,-6.163408673,Higher,Low,East Midlands,Not coastal,No university
Small,-4.268131254,Higher,Low,South West,Not coastal,No university
Small,3.860304863,Lower,High,South East,Not coastal,No university
Small,-0.241286848,Higher,Low,East Midlands,Not coastal,No university
Medium,2.763057391,Lower,Medium,Yorkshire and The Humber,Not coastal,No university
Medium,-2.564226331,Mid,Low,East of England,Not coastal,No university
Small,6.610611497,Lower,Medium,South West,Not coastal,No university
Small,-0.513536679,Higher,Low,Yorkshire and The Humber,Not coastal,No university
Small,-6.01236232,Mid,Low,South West,Not coastal,No university
Small,-0.164720472,Lower,Medium,South East,Not coastal,No university
Small,-6.371799113,Higher,Low,Yorkshire and The Humber,Not coastal,No university
Medium,-3.325032651,Mid,Medium,South West,Coastal,No university
Small,6.357287162,Lower,Medium,North West,Not coastal,No university
Small,-1.812283999,Mid,Medium,South West,Not coastal,No university
Small,3.362878498,Lower,High,South East,Not coastal,No university
Small,-1.970367969,Higher,Low,South East,Not coastal,No university
Small,5.804185058,Mid,Medium,Yorkshire and The Humber,Not coastal,No university
Small,-2.847094207,Higher,Low,South West,Coastal,No university
Medium,-3.297142446,Mid,Low,East Midlands,Not coastal,No university
Small,5.628841984,Lower,Medium,East Midlands,Not coastal,No university
Medium,-3.141037157,Higher,Low,South East,Coastal,No university
Medium,-1.985380107,Lower,Medium,South East,Not coastal,No university
Small,-2.899667069,Mid,Low,East Midlands,Not coastal,No university
Small,3.507476118,Lower,Medium,East Midlands,Not coastal,No university
Small,3.418697624,Higher,Low,East Midlands,Not coastal,No university
Small,-0.550202426,Higher,Medium,South West,Not coastal,No university
Medium,-3.92266164,Higher,Low,East of England,Not coastal,No university
Small,6.657041755,Lower,High,North West,Not coastal,No university
Small,3.806320645,Lower,Medium,East Midlands,Not coastal,No university
Medium,9.95812099,Lower,High,South East,Not coastal,No university
Small,0.193445297,Lower,Medium,North West,Not coastal,No university
Medium,1.220084116,Mid,Low,Yorkshire and The Humber,Not coastal,No university
Small,1.573747159,Higher,Medium,Yorkshire and The Humber,Coastal,No university
Small,2.12673052,Mid,Low,West Midlands,Not coastal,No university
Medium,-1.853352661,Mid,Medium,East Midlands,Not coastal,University
Medium,3.747497559,Lower,Medium,North West,Not coastal,No university
Large,2.319207046,Higher,Medium,North West,Coastal,No university
Small,3.299333602,Lower,Medium,South West,Not coastal,No university
Small,1.190595416,Mid,Low,South West,Not coastal,No university
Small,-2.147693195,Lower,Medium,South East,Not coastal,No university
Medium,-2.829698506,Higher,Medium,South West,Not coastal,No university
Small,1.749858286,Lower,Medium,South East,Not coastal,No university
Small,-2.967170753,Higher,Medium,West Midlands,Not coastal,No university
Small,4.608072865,Lower,Medium,South East,Not coastal,No university
Small,-1.469337199,Higher,Medium,North East,Not coastal,No university
Small,3.528191799,Lower,Medium,North West,Not coastal,No university
Small,-4.105393361,Higher,Low,South East,Not coastal,No university
Small,4.578194903,Lower,Medium,Yorkshire and The Humber,Not coastal,No university
Small,3.808250711,Lower,Medium,South West,Not coastal,No university
Small,7.015299545,Lower,Medium,South East,Not coastal,No university
Small,-2.941145442,Higher,Low,East Midlands,Coastal,No university
Small,-0.068426354,Lower,Medium,East Midlands,Not coastal,No university
Small,1.187961052,Lower,Medium,East of England,Not coastal,No university
Small,1.241814934,Lower,Medium,South West,Coastal,No university
Small,3.11249282,Lower,Medium,East of England,Not coastal,No university
Small,-0.715392574,Higher,Low,South West,Coastal,No university
Small,1.067191916,Lower,Medium,East Midlands,Not coastal,No university
Small,1.792829385,Lower,Medium,South East,Not coastal,No university
Small,5.494822908,Lower,Medium,South East,Not coastal,University
Small,-2.936731906,Lower,Medium,South East,Coastal,No university
Small,2.148885342,Lower,Medium,East Midlands,Not coastal,No university
Small,2.840554708,Lower,Medium,South West,Not coastal,No university
Small,1.13237635,Mid,Medium,North East,Coastal,No university
Small,2.288312691,Lower,Medium,South East,Not coastal,No university
Small,-0.320502188,Lower,Low,South East,Not coastal,No university
Small,4.63527406,Lower,Medium,Yorkshire and The Humber,Not coastal,No university
Small,-1.4375767,Mid,Medium,Yorkshire and The Humber,Not coastal,No university
Small,-0.357764516,Lower,Medium,South East,Not coastal,No university
Small,-2.483771314,Higher,Low,East Midlands,Not coastal,No university
Small,1.589070877,Lower,Medium,Yorkshire and The Humber,Not coastal,No university
Small,1.134955613,Lower,High,South West,Not coastal,No university
Small,-0.8318962,Higher,Low,South West,Coastal,No university
Small,-6.040882817,Higher,Low,Yorkshire and The Humber,Not coastal,No university
Small,2.976086637,Lower,Medium,North West,Not coastal,No university
Small,-5.454821634,Higher,Low,West Midlands,Not coastal,No university
Medium,3.951416094,Lower,Medium,South West,Coastal,No university
Small,1.821911821,Lower,Low,Yorkshire and The Humber,Not coastal,No university
Small,2.542777863,Lower,High,South West,Not coastal,No university
Small,5.867008254,Lower,High,North West,Not coastal,No university
Small,8.266077082,Lower,High,East Midlands,Not coastal,No university
Small,-4.036973003,Higher,Medium,South West,Coastal,No university
Medium,4.983969265,Lower,Medium,East Midlands,Not coastal,No university
Small,1.30782494,Lower,Medium,South West,Not coastal,No university
Small,0.094829376,Mid,Medium,South East,Not coastal,No university
Small,-2.346464836,Mid,Medium,South West,Not coastal,No university
Small,2.198211806,Lower,Medium,Yorkshire and The Humber,Not coastal,No university
Small,-0.775947056,Higher,Low,Yorkshire and The Humber,Not coastal,No university
Small,0.866802687,Lower,Medium,East of England,Not coastal,No university
Small,7.657705361,Lower,High,West Midlands,Not coastal,No university
Small,4.100819556,Lower,Medium,West Midlands,Not coastal,No university
Small,1.29274296,Lower,Medium,South East,Not coastal,No university
Small,-0.393862219,Higher,Low,North West,Not coastal,No university
Small,-2.585601614,Mid,Medium,South West,Not coastal,No university
Small,-3.049247235,Higher,Low,North East,Not coastal,No university
Small,-3.532408517,Lower,Low,East Midlands,Not coastal,No university
Small,-4.033132508,Mid,Low,East of England,Not coastal,No university
Medium,-4.980575217,Higher,Low,South East,Not coastal,No university
Small,5.056930313,Lower,High,North East,Not coastal,No university
Small,-3.336777929,Mid,Low,East Midlands,Not coastal,No university
Small,2.036418475,Lower,Medium,East Midlands,Not coastal,No university
Small,0.045950752,Higher,Low,North East,Not coastal,No university
Small,-1.362611073,Higher,Low,South West,Not coastal,No university
Small,-0.372545744,Mid,Low,East of England,Not coastal,No university
Small,3.287213662,Lower,Medium,North West,Not coastal,No university
Small,8.52407035,Lower,Medium,North West,Not coastal,No university
Small,2.742343958,Lower,High,South East,Not coastal,No university
Small,-4.090837485,Higher,Low,East Midlands,Not coastal,No university
Medium,-4.708610354,Higher,Low,North East,Coastal,No university
Medium,-3.130722094,Lower,Low,East of England,Not coastal,No university
Small,5.98289748,Lower,High,North West,Not coastal,No university
Medium,6.668239188,Lower,High,North West,Not coastal,No university
Small,-9.79178081,Higher,Low,South East,Coastal,No university
Small,0.005535486,Lower,Low,Yorkshire and The Humber,Not coastal,No university
Medium,-2.510765203,Higher,Low,East Midlands,Not coastal,No university
Small,4.545060749,Lower,High,East Midlands,Not coastal,No university
Small,4.080634357,Mid,Low,East Midlands,Not coastal,No university
Small,0.040913958,Mid,Low,North West,Not coastal,No university
Small,-5.341426577,Higher,Low,West Midlands,Not coastal,No university
Small,-2.329007892,Higher,Low,South West,Not coastal,No university
Small,-1.183723077,Higher,Low,East of England,Coastal,No university
Small,-3.329351471,Mid,Medium,South West,Not coastal,No university
Small,-0.056459409,Mid,Low,East Midlands,Not coastal,No university
Small,-0.543272318,Higher,Low,North East,Not coastal,No university
Small,0.274798841,Higher,Low,Yorkshire and The Humber,Not coastal,No university
Medium,6.420747235,Lower,Medium,East of England,Not coastal,No university
Medium,7.796484011,Lower,High,West Midlands,Not coastal,No university
Small,0.082611978,Lower,Medium,South East,Not coastal,No university
Small,6.56252782,Lower,Medium,East Midlands,Not coastal,No university
Small,-2.055701844,Higher,Low,North East,Coastal,No university
Small,-4.694684002,Higher,Low,South East,Coastal,No university
Small,1.715773536,Lower,Medium,South West,Not coastal,No university
Small,1.230205901,Lower,Medium,East Midlands,Not coastal,No university
Small,-3.326532717,Higher,Low,East of England,Not coastal,No university
Small,0.645531654,Lower,Medium,South East,Not coastal,No university
Small,2.955442566,Lower,Medium,South East,Not coastal,No university
Small,-4.46402942,Higher,Low,Yorkshire and The Humber,Not coastal,No university
Small,-0.124779673,Mid,Low,East of England,Coastal,No university
Medium,-1.519621899,Mid,Low,East of England,Not coastal,No university
Medium,-2.566804564,Higher,Low,South West,Not coastal,No university
Small,2.191094304,Lower,Medium,South East,Not coastal,No university
Small,-2.411504279,Lower,Medium,South West,Not coastal,No university
Small,-0.980249672,Higher,Low,North East,Not coastal,No university
Small,1.465412296,Lower,Medium,West Midlands,Not coastal,No university
Medium,-0.334002038,Mid,Medium,East of England,Not coastal,No university
Medium,-5.084834842,Mid,Low,East of England,Not coastal,No university
Small,0.537506979,Higher,Low,North East,Not coastal,No university
Medium,6.233039216,Lower,Medium,North West,Not coastal,University
Medium,-6.357467729,Higher,Low,North East,Coastal,No university
Small,-1.749072267,Higher,Low,East Midlands,Not coastal,No university
Small,10.77155677,Lower,High,South East,Not coastal,No university
Small,4.403636341,Lower,Medium,East of England,Not coastal,No university
Large,-0.800938807,Higher,Low,North East,Not coastal,No university
Small,-2.660956487,Mid,Low,South West,Not coastal,No university
Small,-0.038425825,Higher,Medium,South West,Coastal,No university
Small,4.609741018,Lower,Medium,South East,Not coastal,No university
Small,2.879243467,Lower,Medium,East of England,Not coastal,University
Small,-6.207951854,Higher,Low,West Midlands,Not coastal,No university
Medium,-0.421589109,Higher,Low,South West,Coastal,No university
Small,-6.653926141,Higher,Low,Yorkshire and The Humber,Not coastal,No university
Small,6.774061908,Lower,Medium,South East,Not coastal,No university
Small,2.179427199,Mid,Medium,West Midlands,Not coastal,No university
Small,1.457590086,Lower,Medium,East of England,Not coastal,No university
Small,-6.915157397,Higher,Low,North West,Not coastal,No university
Small,-1.764391177,Mid,Medium,Yorkshire and The Humber,Not coastal,No university
Medium,-4.352786938,Mid,Medium,East of England,Not coastal,No university
Small,-4.05910281,Higher,Low,East Midlands,Not coastal,No university
Small,-4.049786694,Mid,Medium,South West,Not coastal,No university
Small,3.181615951,Lower,Medium,Yorkshire and The Humber,Not coastal,No university
Small,-1.466742587,Higher,Low,North East,Not coastal,No university
Small,-6.711417914,Higher,Low,South West,Not coastal,No university
Small,-2.805766898,Mid,Low,South West,Not coastal,No university
Medium,1.023815376,Lower,Medium,South West,Not coastal,No university
Small,1.321650638,Lower,Low,South West,Not coastal,No university
Small,7.172221185,Lower,High,East of England,Not coastal,No university
Small,0.701730546,Lower,Medium,East of England,Coastal,No university
Small,5.649712778,Lower,High,East of England,Not coastal,No university
Small,0.599919251,Mid,Medium,North East,Not coastal,No university
Small,10.74972706,Lower,High,South East,Not coastal,No university
Small,2.585660421,Lower,High,South East,Not coastal,No university
Small,2.021652879,Lower,Medium,South East,Not coastal,No university
Medium,-3.750785762,Higher,Low,West Midlands,Not coastal,No university
Small,3.951955622,Lower,Medium,East of England,Not coastal,No university
Small,3.730134,Lower,High,North West,Not coastal,No university
Small,3.283891891,Lower,Medium,Yorkshire and The Humber,Not coastal,No university
Small,-1.06055732,Lower,Low,East of England,Not coastal,No university
Small,2.456561847,Lower,Medium,Yorkshire and The Humber,Not coastal,No university
Small,-4.474723195,Mid,Low,South East,Coastal,No university
Small,0.559264105,Higher,Low,South West,Coastal,No university
Small,-0.395280266,Higher,Medium,North East,Coastal,No university
Small,-3.147683679,Higher,Medium,South East,Coastal,No university
Medium,-1.482598265,Higher,Low,North East,Not coastal,No university
Small,-9.622821465,Higher,Low,North East,Coastal,No university
Small,-2.13977095,Higher,Low,Yorkshire and The Humber,Coastal,No university
Small,-4.418054903,Mid,Low,South East,Not coastal,No university
Small,-2.725592731,Lower,Low,East of England,Not coastal,No university
Small,2.153188205,Lower,Low,East of England,Not coastal,No university
Small,1.709309858,Lower,Medium,East Midlands,Not coastal,No university
Medium,2.174353696,Mid,Medium,West Midlands,Not coastal,No university
Small,1.821299858,Lower,Low,East Midlands,Not coastal,No university
Small,-3.872906722,Mid,Low,South East,Coastal,No university
Small,-0.383765608,Lower,Low,East of England,Not coastal,No university
Small,8.134159931,Lower,High,North West,Not coastal,No university
Medium,-4.173643774,Mid,Low,East of England,Not coastal,No university
Medium,0.574837261,Mid,Medium,West Midlands,Not coastal,No university
Small,3.081454678,Lower,Medium,South East,Not coastal,No university
Small,3.790062821,Lower,Medium,West Midlands,Not coastal,No university
Small,8.279432291,Lower,High,South East,Not coastal,No university
Small,-2.606345723,Higher,Low,West Midlands,Not coastal,No university
Small,2.545779792,Lower,Medium,East Midlands,Not coastal,No university
Small,2.03595631,Lower,Medium,North West,Not coastal,No university
Small,0.650819418,Lower,Medium,South West,Not coastal,No university
Small,-1.702726769,Higher,Low,West Midlands,Not coastal,No university
Small,-6.794033365,Lower,Low,South West,Not coastal,No university
Small,7.11604934,Lower,Medium,East Midlands,Not coastal,No university
Small,-1.359109482,Higher,Low,Yorkshire and The Humber,Coastal,No university
Small,-2.459003441,Mid,Medium,East of England,Not coastal,No university
Small,-0.295070798,Lower,Medium,East of England,Not coastal,No university
Small,-0.632590012,Lower,Medium,East of England,Not coastal,No university
Small,2.400008357,Mid,Medium,South West,Not coastal,No university
Small,0.01403388,Mid,Low,East Midlands,Not coastal,No university
Medium,-4.450589183,Higher,Low,North West,Coastal,No university
Small,4.888089933,Lower,Medium,West Midlands,Not coastal,No university
Small,1.12736806,Higher,Low,East Midlands,Not coastal,No university
Small,-1.868861258,Higher,Low,East of England,Not coastal,No university
Small,-4.391985684,Higher,Low,South West,Coastal,No university
Small,-2.61264338,Higher,Low,North East,Not coastal,No university
Small,-3.828427778,Higher,Low,South West,Not coastal,No university
Small,2.081328337,Lower,High,South East,Not coastal,No university
Small,-2.251562259,Mid,Medium,South East,Coastal,No university
Small,-0.110993506,Higher,Low,North West,Not coastal,No university
Small,-3.048500521,Higher,Low,East of England,Not coastal,No university
Small,-2.599414593,Lower,Medium,West Midlands,Not coastal,No university
Small,0.242248857,Mid,Medium,Yorkshire and The Humber,Not coastal,No university
Small,1.129926322,Lower,High,South West,Not coastal,No university
Small,0.998725151,Lower,High,East Midlands,Not coastal,No university
Small,-1.054967497,Lower,Low,Yorkshire and The Humber,Not coastal,No university
Small,-3.735958141,Higher,Low,West Midlands,Not coastal,No university
Small,5.915880633,Lower,Medium,East Midlands,Not coastal,No university
Small,4.118350123,Mid,High,South East,Not coastal,No university
Small,5.522860023,Lower,High,South East,Not coastal,No university
Small,3.980502734,Lower,Medium,South East,Not coastal,No university
Small,4.051929603,Lower,Medium,Yorkshire and The Humber,Not coastal,No university
Small,0.223261118,Mid,Medium,South West,Not coastal,No university
Small,-4.910679677,Mid,Low,East of England,Not coastal,No university
Small,-0.53407729,Mid,Medium,South West,Not coastal,No university
Small,5.529242273,Lower,Medium,South East,Not coastal,No university
Small,-0.216811374,Lower,High,South East,Not coastal,No university
Small,-1.107627457,Higher,Low,East of England,Not coastal,No university
Small,-0.485494354,Lower,Low,East of England,Not coastal,No university
Small,-2.223980389,Higher,Low,South East,Coastal,No university
Small,-1.155313769,Lower,Medium,South West,Not coastal,No university
Medium,-0.613976223,Lower,Medium,East of England,Not coastal,No university
Small,2.739689191,Lower,Medium,East Midlands,Not coastal,No university
Small,-2.741101517,Higher,Low,East of England,Not coastal,No university
Small,-4.617306675,Mid,Low,East of England,Not coastal,No university
Small,2.255576163,Lower,High,East of England,Not coastal,No university
Small,3.667706727,Lower,Medium,East Midlands,Not coastal,No university
Small,1.536195874,Lower,Medium,South East,Not coastal,No university
Small,0.96055605,Mid,Low,West Midlands,Not coastal,No university
Small,4.239730507,Lower,Medium,East Midlands,Not coastal,No university
Small,-0.055451779,Mid,Low,East of England,Not coastal,No university
Medium,-3.177517481,Higher,Low,North West,Coastal,No university
Small,-3.879778293,Higher,Low,North East,Not coastal,No university
Small,-0.950998707,Higher,Low,East of England,Coastal,No university
Small,4.828025815,Lower,Medium,East Midlands,Not coastal,No university
Small,-0.73465615,Mid,Medium,South West,Not coastal,No university
Medium,11.03279063,Lower,High,East of England,Not coastal,No university
Small,-5.326206889,Higher,Low,East of England,Not coastal,No university
Small,-3.009828323,Lower,Low,East of England,Not coastal,No university
Medium,6.540699064,Lower,High,South East,Not coastal,No university
Small,-0.687678695,Mid,Medium,East of England,Not coastal,No university
Small,1.21344731,Lower,Medium,South East,Not coastal,No university
Small,4.370325265,Lower,Medium,East Midlands,Not coastal,No university
Small,-5.129770739,Higher,Low,Yorkshire and The Humber,Not coastal,No university
Small,-2.660142264,Mid,Low,East Midlands,Not coastal,No university
Small,3.50519266,Lower,Medium,South East,Not coastal,No university
Small,-9.394098568,Higher,Low,East Midlands,Not coastal,No university
Small,-0.665013634,Lower,Low,West Midlands,Not coastal,No university
Small,-5.142988334,Higher,Low,East Midlands,Not coastal,No university
Small,-5.847621161,Higher,Low,East of England,Not coastal,No university
Small,1.769499553,Mid,Medium,South West,Coastal,No university
Small,0.667754595,Lower,Medium,East of England,Not coastal,No university
Small,-4.193792492,Lower,Low,East Midlands,Not coastal,No university
Medium,-4.441538623,Higher,Low,East of England,Coastal,No university
Small,0.232283025,Higher,Low,Yorkshire and The Humber,Coastal,No university
Small,1.924015748,Lower,Medium,East Midlands,Not coastal,No university
Large,2.140563927,Mid,Medium,South West,Not coastal,University
Medium,2.579924913,Mid,Medium,North West,Not coastal,No university
Small,-4.129847271,Higher,Low,North West,Not coastal,No university
Small,-0.606301025,Higher,Medium,Yorkshire and The Humber,Not coastal,No university
Small,-0.017333666,Mid,Low,Yorkshire and The Humber,Not coastal,No university
Small,3.076387757,Mid,Medium,West Midlands,Not coastal,No university
Small,4.095622523,Lower,High,South East,Not coastal,No university
Small,-2.615492732,Higher,Low,North East,Not coastal,No university
Medium,4.055957263,Lower,Medium,South East,Coastal,No university
Small,1.06965726,Lower,Medium,South East,Not coastal,No university
Small,7.946548037,Lower,High,East of England,Not coastal,No university
Small,-7.568628303,Higher,Low,Yorkshire and The Humber,Coastal,No university
Small,2.282558794,Lower,Medium,North West,Not coastal,No university
Small,3.230994333,Lower,Medium,North West,Not coastal,No university
Small,-2.828181774,Mid,Medium,South East,Not coastal,No university
Small,-6.375848442,Higher,Low,North West,Coastal,No university
Small,4.512009379,Lower,Medium,East of England,Not coastal,No university
Small,-6.492351722,Higher,Low,East Midlands,Not coastal,No university
Small,2.222929796,Mid,Medium,South West,Coastal,No university
Medium,3.321137101,Lower,Medium,East of England,Not coastal,No university
Small,2.892892434,Lower,Medium,South East,Not coastal,No university
Medium,2.669953734,Lower,Medium,South West,Coastal,No university
Small,0.783062857,Lower,Low,East Midlands,Not coastal,No university
Small,-5.664436036,Higher,Low,South West,Not coastal,No university
Small,0.490617302,Lower,Medium,South West,Not coastal,No university
Small,0.701047898,Mid,Medium,South West,Not coastal,No university
Small,2.825355496,Lower,Medium,West Midlands,Not coastal,No university
Small,2.469207502,Lower,High,North West,Not coastal,No university
Small,-3.707811845,Mid,Medium,South West,Not coastal,No university
Medium,-1.827642336,Higher,Low,South East,Not coastal,No university
Medium,0.159995512,Mid,Medium,East Midlands,Not coastal,No university
Small,-5.590413957,Higher,Low,South East,Coastal,No university
Small,-0.951042944,Lower,Medium,East of England,Not coastal,No university
Medium,-6.093760141,Higher,Low,East of England,Not coastal,No university
Small,0.504834046,Lower,Medium,South East,Not coastal,No university
Small,-1.9293064,Higher,Low,North East,Not coastal,No university
Small,0.573618012,Lower,Medium,South East,Not coastal,No university
Medium,-3.940363044,Mid,Low,South East,Coastal,No university
Small,4.36478605,Lower,Medium,North West,Not coastal,No university
Small,-0.854759647,Mid,Low,South West,Not coastal,No university
Small,5.567106097,Lower,Medium,Yorkshire and The Humber,Not coastal,No university
Small,4.052207192,Lower,Medium,South East,Not coastal,No university
Small,4.530230361,Lower,Medium,East Midlands,Not coastal,No university
Small,0.503225122,Higher,High,South West,Not coastal,No university
Medium,0.559958632,Lower,Low,East Midlands,Not coastal,No university
Small,5.843868109,Lower,Medium,North East,Not coastal,No university
Small,5.24101226,Lower,Medium,South East,Not coastal,No university
Medium,0.136307029,Higher,Low,North East,Coastal,No university
Small,0.824917989,Lower,High,North East,Not coastal,No university
Large,-3.787594963,Higher,Low,Yorkshire and The Humber,Not coastal,No university
Medium,0.52174457,Lower,Medium,East Midlands,Not coastal,No university
Small,-3.796327098,Mid,Low,East of England,Not coastal,No university
Small,1.141650348,Mid,Medium,North West,Not coastal,No university
Small,-3.25314731,Higher,Low,North East,Coastal,No university
Medium,3.147476943,Lower,Medium,West Midlands,Not coastal,No university
Small,2.20853634,Lower,Medium,West Midlands,Not coastal,No university
Medium,0.964040705,Lower,Medium,South East,Not coastal,No university
Medium,-0.523466773,Lower,Low,East Midlands,Not coastal,No university
Medium,1.742323459,Lower,Medium,East of England,Not coastal,No university
Small,6.595780993,Mid,Medium,North East,Not coastal,No university
Small,2.778396148,Mid,Medium,East Midlands,Not coastal,No university
Small,-4.086555371,Higher,Low,East of England,Not coastal,No university
Small,5.512185046,Lower,High,North East,Not coastal,No university
Small,-1.992542149,Mid,Low,East of England,Not coastal,No university
Small,-1.991447299,Higher,Low,South West,Not coastal,No university
Small,-7.177692659,Higher,Low,North West,Not coastal,No university
Medium,4.499138003,Lower,Medium,East of England,Not coastal,No university
Large,1.607305372,Higher,Medium,North West,Not coastal,No university
Small,2.203421596,Lower,Low,West Midlands,Not coastal,No university
Medium,-4.583039557,Higher,Low,North West,Not coastal,No university
Medium,-4.619211514,Higher,Low,North West,Not coastal,No university
Small,-1.784102991,Mid,Medium,West Midlands,Not coastal,No university
Small,-1.566982084,Lower,Low,East Midlands,Not coastal,No university
Small,-0.755044037,Mid,Low,West Midlands,Not coastal,No university
Small,-0.819387943,Higher,Low,Yorkshire and The Humber,Not coastal,No university
Medium,-0.057763175,Lower,Medium,South East,Not coastal,No university
Small,-3.686982506,Higher,Low,South West,Not coastal,No university
Small,-1.886243775,Higher,Medium,South East,Not coastal,No university
Medium,0.373393758,Lower,Medium,East Midlands,Not coastal,No university
Small,-0.390506169,Lower,Medium,South West,Coastal,No university
Medium,-2.762929262,Mid,Low,West Midlands,Not coastal,No university
Medium,-2.993949093,Higher,Low,East of England,Not coastal,No university
Medium,-1.026951308,Mid,Medium,West Midlands,Not coastal,No university
Small,3.390375305,Lower,High,East of England,Not coastal,No university
Medium,-0.337939563,Mid,Medium,South West,Not coastal,No university
Medium,-5.880445314,Higher,Low,East of England,Coastal,No university
Small,1.727992942,Mid,Low,South West,Not coastal,No university
Small,8.187997104,Lower,High,Yorkshire and The Humber,Not coastal,No university
Medium,-3.176983917,Higher,Low,East Midlands,Coastal,No university
Small,3.192052251,Lower,High,South West,Not coastal,No university
Small,7.906404445,Lower,Medium,East of England,Not coastal,No university
Medium,-4.150583568,Mid,Low,West Midlands,Not coastal,No university
Medium,8.0385394,Lower,High,North West,Coastal,No university
Small,3.260302957,Lower,Medium,North West,Not coastal,No university
Small,-1.204139772,Lower,Low,East Midlands,Not coastal,No university
Small,-1.00595494,Higher,Medium,South West,Coastal,No university
Small,-0.246186213,Lower,Medium,Yorkshire and The Humber,Not coastal,No university
Medium,1.121771906,Lower,Low,East Midlands,Not coastal,No university
Small,-4.759452482,Lower,Low,Yorkshire and The Humber,Not coastal,No university
Medium,1.113331627,Lower,Medium,South East,Not coastal,No university
Small,9.531051428,Lower,High,East Midlands,Not coastal,No university
Small,-2.933743211,Lower,Medium,East Midlands,Not coastal,No university
Small,0.506789648,Lower,Medium,West Midlands,Not coastal,No university
Medium,-3.294958102,Higher,Low,East Midlands,Not coastal,No university
Medium,2.093625537,Lower,Medium,South East,Not coastal,No university
Medium,-4.510351252,Higher,Low,East of England,Not coastal,No university
Medium,3.10267164,Lower,High,South East,Not coastal,No university
Medium,-4.50551239,Higher,Low,South West,Not coastal,No university
Medium,-4.920193481,Higher,Low,East Midlands,Not coastal,No university
Medium,-5.030709544,Higher,Low,South East,Coastal,No university
Large,0.580825095,Mid,Medium,South East,Not coastal,No university
Large,1.296418602,Lower,High,South West,Not coastal,University
Medium,-1.693781118,Higher,Low,Yorkshire and The Humber,Coastal,No university
Small,3.296634679,Lower,High,South East,Not coastal,No university
Small,-1.496422044,Mid,Low,South West,Not coastal,No university
Small,3.61707852,Lower,Medium,West Midlands,Not coastal,No university
Small,3.664639326,Lower,Medium,East of England,Not coastal,No university
Small,-0.263818577,Mid,Low,West Midlands,Not coastal,No university
Small,4.165594223,Lower,Medium,South East,Not coastal,No university
Small,3.85144957,Mid,Medium,South West,Coastal,No university
Small,-1.289171902,Lower,Medium,South West,Not coastal,No university
Small,-4.688911753,Lower,Medium,South West,Not coastal,No university
Small,6.977287881,Lower,High,South East,Not coastal,No university
Small,7.226617063,Lower,High,South East,Not coastal,No university
Medium,-2.518701836,Higher,Low,South West,Not coastal,No university
Small,2.64463959,Higher,Low,North West,Coastal,No university
Small,-2.213822897,Mid,Low,South West,Not coastal,No university
Small,-0.144563264,Lower,Low,South West,Not coastal,No university
Small,1.619693343,Mid,Medium,South West,Coastal,No university
Small,1.577351621,Lower,Medium,South East,Not coastal,No university
Medium,5.29425431,Lower,Medium,North East,Not coastal,University
Small,0.210796382,Higher,Medium,North East,Not coastal,No university
Medium,-2.093097462,Higher,Low,North East,Coastal,No university
Medium,-3.138242326,Higher,Low,West Midlands,Not coastal,No university
Medium,0.668924889,Higher,Low,North West,Not coastal,No university
Medium,-0.20031761,Higher,Low,North East,Not coastal,No university
Large,2.76260053,Mid,Medium,East of England,Not coastal,No university
Large,-2.030138243,Higher,Low,East of England,Not coastal,No university
Small,6.078762266,Lower,Medium,North West,Not coastal,No university
Medium,4.724757799,Lower,High,Yorkshire and The Humber,Not coastal,No university
Small,4.543595327,Lower,High,South West,Not coastal,No university
Small,-3.782613636,Higher,Low,North West,Not coastal,No university
Medium,-1.389753081,Higher,Low,Yorkshire and The Humber,Not coastal,No university
Small,-2.582295807,Higher,Low,West Midlands,Not coastal,No university
Small,-6.402588954,Mid,Medium,South East,Not coastal,No university
Medium,-0.003561658,Higher,Low,North West,Not coastal,No university
Small,0.34501103,Higher,Low,North West,Not coastal,No university
Small,1.418465375,Lower,Medium,East Midlands,Not coastal,No university
Medium,3.266720159,Lower,Medium,North West,Not coastal,No university
Small,6.310770217,Lower,High,North West,Not coastal,No university
Large,0.516037835,Lower,Medium,Yorkshire and The Humber,Not coastal,University
Medium,-1.224758485,Higher,Low,North West,Not coastal,No university
Small,9.278331945,Lower,High,East Midlands,Not coastal,No university
Small,0.543713177,Lower,Medium,South West,Not coastal,No university
Small,7.639190791,Lower,High,North West,Not coastal,No university
Small,-0.934462623,Higher,Low,North East,Not coastal,No university
Medium,0.579966036,Higher,Low,West Midlands,Not coastal,No university
Small,-2.439171484,Mid,Low,East of England,Not coastal,No university
Small,-1.713020244,Higher,Low,South West,Not coastal,No university
Small,0.956416398,Lower,Low,East Midlands,Not coastal,No university
Medium,-5.396252285,Higher,Low,East of England,Coastal,No university
Small,8.212058793,Lower,High,South East,Not coastal,No university
Small,-1.646120303,Higher,Low,East of England,Coastal,No university
Small,0.137847463,Lower,Medium,East Midlands,Not coastal,No university
Small,-2.198733131,Higher,Low,Yorkshire and The Humber,Not coastal,No university
Small,-2.359283201,Higher,Low,North East,Not coastal,No university
Small,3.256692068,Lower,Medium,East of England,Not coastal,No university
Small,0.007992804,Higher,Medium,South West,Coastal,No university
Medium,-2.06492402,Lower,Medium,South East,Not coastal,No university
Small,2.22129998,Lower,Medium,East of England,Not coastal,No university
Medium,0.274278812,Higher,Medium,East of England,Not coastal,No university
Medium,-0.062317391,Higher,Low,North West,Not coastal,No university
Small,4.216899186,Lower,Medium,Yorkshire and The Humber,Not coastal,No university
Medium,4.588403915,Lower,Medium,South East,Not coastal,No university
Large,-2.084542454,Lower,Medium,South East,Not coastal,No university
Small,-2.554599143,Higher,Low,South East,Not coastal,No university
Small,1.494028346,Higher,Medium,North West,Not coastal,No university
Small,4.329882844,Mid,Low,North West,Not coastal,No university
Small,2.961247974,Lower,Medium,East Midlands,Not coastal,No university
Small,9.436415769,Lower,High,East of England,Not coastal,No university
Small,9.481922058,Lower,Medium,North West,Not coastal,No university
Small,-0.64520719,Mid,Low,Yorkshire and The Humber,Not coastal,No university
Large,-1.572479804,Mid,Medium,South East,Coastal,No university
Small,0.297788337,Lower,Medium,South East,Coastal,No university
Medium,-1.360599159,Higher,Low,North West,Not coastal,No university
Medium,-5.914195291,Higher,Low,East Midlands,Not coastal,No university
Small,-1.012782303,Higher,Low,Yorkshire and The Humber,Not coastal,No university
Medium,3.101443415,Higher,Low,North West,Not coastal,No university
Medium,1.676588847,Higher,Low,North West,Not coastal,No university
Large,-0.639161991,Higher,Medium,North West,Not coastal,No university
Small,-4.213214985,Higher,Low,Yorkshire and The Humber,Not coastal,No university
Medium,-2.782262982,Higher,Low,North West,Not coastal,No university
Small,-0.137521472,Lower,Medium,Yorkshire and The Humber,Not coastal,No university
Medium,-2.122974794,Higher,Low,Yorkshire and The Humber,Not coastal,No university
Small,1.302890147,Lower,Low,East Midlands,Not coastal,No university
Medium,2.580287156,Higher,Low,Yorkshire and The Humber,Not coastal,No university
Large,-0.338993657,Higher,Low,South East,Not coastal,No university
Small,-1.58142348,Higher,Low,North East,Not coastal,No university
Small,-0.986711753,Mid,Low,Yorkshire and The Humber,Not coastal,No university
Medium,-1.656571902,Mid,Medium,South East,Not coastal,No university
Medium,-1.085901732,Mid,Low,East of England,Not coastal,No university
Small,-2.156351207,Lower,Low,East of England,Not coastal,No university
Small,-1.206411528,Lower,Medium,South West,Not coastal,No university
Small,3.840141386,Lower,Medium,North West,Not coastal,No university
Medium,-1.811253124,Higher,Low,South East,Not coastal,No university
Small,-1.425647801,Mid,Low,South East,Not coastal,No university
Small,-2.180692894,Higher,Low,Yorkshire and The Humber,Not coastal,No university
Small,8.063923033,Lower,High,South East,Not coastal,No university
Medium,6.056482702,Lower,High,North West,Not coastal,No university
Small,0.879268136,Lower,Low,East of England,Not coastal,No university
Medium,-3.973907614,Higher,Low,West Midlands,Not coastal,No university
Small,3.16352695,Lower,Medium,East of England,Not coastal,No university
Medium,4.068887671,Lower,High,South East,Not coastal,University
Small,6.779463444,Lower,High,East of England,Not coastal,No university
Medium,0.284171701,Higher,Low,North West,Not coastal,No university
Medium,2.878987054,Lower,Medium,South West,Coastal,No university
Small,-3.240896417,Higher,Low,North West,Not coastal,No university
Medium,-2.756130842,Higher,Low,West Midlands,Not coastal,No university
Small,6.029443478,Mid,Medium,North East,Not coastal,No university
Medium,-3.974575654,Higher,Low,East Midlands,Not coastal,No university
Small,1.762950972,Lower,Medium,South West,Not coastal,No university
Medium,-1.577901901,Higher,Low,North West,Not coastal,No university
Medium,1.73714735,Higher,Low,North West,Not coastal,No university
Medium,2.397830523,Lower,Medium,South East,Not coastal,No university
Medium,-0.62557946,Higher,Low,South West,Coastal,No university
Small,2.727162075,Higher,Low,Yorkshire and The Humber,Not coastal,No university
Large,-3.209162913,Higher,Low,West Midlands,Not coastal,No university
Small,-0.300604437,Higher,Low,North West,Not coastal,No university
Small,5.520220795,Lower,Medium,East Midlands,Not coastal,No university
Small,-5.195221651,Higher,Low,Yorkshire and The Humber,Not coastal,No university
Small,-3.054432815,Lower,Low,South West,Not coastal,No university
Medium,-0.16735383,Higher,Low,West Midlands,Not coastal,No university
Small,-0.396774338,Lower,Medium,East of England,Not coastal,No university
Small,-4.369479427,Higher,Low,North West,Not coastal,No university
Large,-2.491062456,Higher,Low,North West,Not coastal,University
Large,-0.711623244,Higher,Low,Yorkshire and The Humber,Not coastal,No university
Small,8.023612449,Lower,High,South East,Not coastal,No university
Medium,-0.02223226,Mid,Medium,West Midlands,Not coastal,No university
Small,-2.256889066,Higher,Low,South West,Coastal,No university
Medium,5.793173582,Lower,Medium,North West,Not coastal,No university
Medium,-6.351488055,Higher,Low,West Midlands,Not coastal,No university
Small,5.065109445,Mid,Medium,Yorkshire and The Humber,Not coastal,No university
Small,3.95902288,Lower,High,South East,Not coastal,No university
Small,1.543776057,Lower,Medium,South East,Not coastal,No university
Small,6.903651622,Lower,Medium,North West,Not coastal,No university
Small,-2.824429521,Higher,Low,South West,Coastal,No university
Medium,2.382700835,Higher,Low,West Midlands,Not coastal,No university
Small,3.926932387,Lower,Medium,South East,Not coastal,No university
Small,-1.355545101,Mid,Medium,South West,Not coastal,No university
Small,-0.572072407,Higher,Low,North East,Not coastal,No university
Medium,-1.978006498,Mid,Medium,South West,Not coastal,No university
Medium,-0.496324682,Lower,Medium,South East,Not coastal,No university
Small,2.405694248,Lower,Medium,South East,Not coastal,No university
Small,-0.13571104,Higher,Low,North West,Not coastal,No university
Small,-6.356277691,Higher,Low,South West,Not coastal,No university
Medium,-1.851598092,Higher,Low,West Midlands,Not coastal,No university
Medium,-3.76077978,Higher,Low,East Midlands,Not coastal,No university
Small,-1.342192217,Lower,Medium,South East,Not coastal,No university
Small,2.110547111,Lower,Medium,East of England,Not coastal,No university
Medium,4.080223424,Mid,Low,Yorkshire and The Humber,Not coastal,No university
Small,-2.189665402,Higher,Low,East Midlands,Not coastal,No university
Large,-1.008837714,Higher,Low,East of England,Coastal,No university
Medium,-3.29543406,Higher,Low,West Midlands,Not coastal,No university
Medium,-1.245036256,Higher,Low,North West,Coastal,No university
Small,-2.798036346,Higher,Low,East of England,Coastal,No university
Small,0.173554969,Lower,Medium,East Midlands,Not coastal,No university
Medium,1.889118975,Lower,Medium,North West,Not coastal,No university
Large,-2.003480579,Higher,Low,North East,Coastal,No university
Small,1.627297372,Lower,Medium,South West,Not coastal,No university
Small,4.45905833,Mid,Medium,Yorkshire and The Humber,Not coastal,No university
Small,-1.788450725,Higher,Low,North West,Not coastal,No university
Large,-4.017804063,Higher,Medium,East of England,Not coastal,University
Small,-4.166607118,Lower,Low,East Midlands,Not coastal,No university
Small,-1.471898725,Mid,Low,Yorkshire and The Humber,Not coastal,No university
Medium,3.184527723,Higher,Medium,West Midlands,Not coastal,No university
Medium,0.944128339,Mid,Medium,North West,Not coastal,No university
Medium,-3.006915502,Mid,Low,East of England,Coastal,No university
Medium,-2.474376394,Lower,Low,South West,Not coastal,No university
Small,-9.285628136,Higher,Low,Yorkshire and The Humber,Not coastal,No university
Medium,-3.625104199,Higher,Low,North West,Coastal,No university
Small,2.696693887,Lower,Medium,Yorkshire and The Humber,Not coastal,No university
Small,2.106567892,Lower,Medium,East of England,Not coastal,No university
Small,2.972648349,Mid,Medium,North West,Not coastal,No university
Small,8.083936642,Lower,High,South East,Not coastal,No university
Large,-2.019440204,Higher,Low,West Midlands,Not coastal,No university
Medium,-4.610811628,Higher,Low,East of England,Not coastal,No university
Large,-2.361691643,Higher,Low,South East,Not coastal,No university
Medium,-1.57866511,Higher,Low,North West,Not coastal,No university
Medium,-0.507146946,Higher,Medium,South West,Coastal,University
Small,6.676941382,Lower,High,East of England,Not coastal,No university
Medium,-3.537825076,Higher,Low,North West,Not coastal,No university
Small,4.159398797,Lower,Medium,East of England,Not coastal,No university
Medium,-0.659305957,Lower,Medium,South East,Coastal,No university
Small,-0.240877993,Higher,Low,Yorkshire and The Humber,Not coastal,No university
Medium,2.057541141,Higher,Low,West Midlands,Not coastal,No university
Small,0.732661067,Lower,Medium,South West,Not coastal,No university
Medium,0.735865707,Lower,Low,South East,Not coastal,No university
Large,6.372935408,Lower,Medium,West Midlands,Not coastal,No university
Small,11.87150502,Lower,High,East of England,Not coastal,No university
Small,0.925170267,Lower,Medium,East Midlands,Not coastal,No university
Small,2.52457092,Lower,Medium,East of England,Not coastal,No university
Small,-4.738558725,Higher,Low,East Midlands,Not coastal,No university
Large,-4.684084881,Higher,Low,North West,Not coastal,No university
Small,-3.595444977,Lower,Low,East of England,Not coastal,No university
Medium,-1.33631924,Lower,Medium,East of England,Not coastal,University
Medium,-0.032310942,Higher,Low,South West,Coastal,No university
Small,3.32526577,Lower,Medium,East of England,Not coastal,No university
Medium,3.94853063,Mid,Medium,Yorkshire and The Humber,Not coastal,No university
Small,0.918000858,Lower,Low,South East,Not coastal,No university
Medium,2.577659281,Higher,Medium,North West,Coastal,No university
Small,-6.160463498,Higher,Low,South East,Coastal,No university
Small,-0.535595687,Mid,Medium,Yorkshire and The Humber,Coastal,No university
Medium,-2.212082553,Higher,Low,North East,Not coastal,No university
Small,-6.952849356,Higher,Low,Yorkshire and The Humber,Coastal,No university
Medium,-3.835224167,Higher,Low,North West,Coastal,No university
Small,5.573030387,Lower,Medium,Yorkshire and The Humber,Not coastal,No university
Small,3.527385471,Lower,Low,North East,Not coastal,No university
Small,-0.433249073,Mid,Low,South East,Not coastal,No university
Small,3.387639399,Lower,Medium,Yorkshire and The Humber,Not coastal,No university
Small,-1.30866886,Mid,Low,West Midlands,Not coastal,No university
Small,3.211539844,Lower,Medium,East Midlands,Not coastal,No university
Medium,-0.025326314,Mid,Medium,South East,Coastal,No university
Small,8.094803358,Lower,Medium,South East,Not coastal,No university
Small,-0.206075117,Mid,Medium,North West,Not coastal,No university
Small,3.689730382,Lower,Medium,Yorkshire and The Humber,Not coastal,No university
Medium,0.174191612,Higher,Medium,North West,Not coastal,No university
Small,-6.484121394,Higher,Low,East of England,Not coastal,No university
Medium,-1.308650056,Higher,Low,West Midlands,Not coastal,No university
Medium,-4.869807195,Higher,Low,North West,Coastal,No university
Medium,-0.256715434,Higher,Low,North East,Not coastal,No university
Small,1.35443212,Higher,Low,North East,Not coastal,No university
Small,-0.181175569,Lower,Low,South West,Not coastal,No university
Medium,1.698740678,Higher,Low,West Midlands,Not coastal,No university
Small,0.566863572,Mid,Medium,East Midlands,Not coastal,No university
Medium,1.918291585,Mid,Medium,North West,Not coastal,No university
Medium,0.974698793,Lower,High,South East,Not coastal,No university
Medium,1.96719143,Mid,Medium,North West,Not coastal,No university
Small,-5.126676349,Higher,Low,West Midlands,Not coastal,No university
Small,-3.08185144,Higher,Medium,North East,Coastal,No university
Small,-2.452282148,Mid,Low,East Midlands,Not coastal,No university
Medium,-3.174883143,Higher,Low,East Midlands,Not coastal,No university
Medium,-1.599978013,Higher,Low,West Midlands,Not coastal,No university
Small,2.161715842,Higher,Low,Yorkshire and The Humber,Not coastal,No university
Medium,-0.488017488,Higher,Low,North West,Not coastal,No university
Small,-1.950557637,Mid,Low,East Midlands,Not coastal,No university
Small,-3.772493901,Higher,Low,Yorkshire and The Humber,Not coastal,No university
Medium,-0.16783077,Lower,Medium,East of England,Not coastal,No university
Small,2.649834534,Lower,Medium,South East,Not coastal,No university
Medium,0.549953241,Lower,Medium,South East,Not coastal,No university
Medium,-0.080421657,Lower,Medium,South East,Not coastal,No university
Small,2.820617446,Mid,Medium,East of England,Coastal,No university
Small,-2.286163498,Lower,Low,South East,Not coastal,No university
Large,-2.281555604,Higher,Medium,South East,Coastal,No university
Medium,-0.761057801,Higher,Low,North West,Not coastal,No university
Small,3.173359701,Mid,Medium,Yorkshire and The Humber,Not coastal,No university
Medium,-4.082898176,Mid,Low,East of England,Not coastal,No university
Medium,1.117383847,Higher,Low,East Midlands,Not coastal,No university
Small,-0.854982582,Lower,High,South East,Not coastal,No university
Medium,5.397228742,Lower,Medium,South East,Not coastal,No university
Small,-5.903708401,Higher,Low,North West,Not coastal,No university
Small,3.194589501,Mid,Low,North West,Not coastal,No university
Medium,-2.174272293,Higher,Low,Yorkshire and The Humber,Not coastal,No university
Small,-0.686227177,Higher,Low,South East,Not coastal,No university
Medium,-3.370296135,Higher,Low,North West,Not coastal,No university
Small,5.470582132,Lower,High,North West,Not coastal,No university
Small,3.950217044,Lower,Medium,South East,Not coastal,No university
Small,-10.02801511,Higher,Low,Yorkshire and The Humber,Not coastal,No university
Small,-5.934594888,Mid,Low,South West,Not coastal,No university
Large,-3.830908388,Mid,Low,South East,Not coastal,No university
Small,-6.855157827,Higher,Low,Yorkshire and The Humber,Not coastal,No university
Medium,-3.409339525,Mid,Low,South East,Coastal,No university
Medium,-4.748883703,Higher,Low,Yorkshire and The Humber,Not coastal,No university
Small,-7.692514402,Higher,Low,Yorkshire and The Humber,Not coastal,No university
Small,0.400143569,Mid,Medium,South East,Coastal,No university
Medium,2.11672004,Mid,Medium,South East,Not coastal,University
Small,-0.779019226,Mid,Medium,South East,Not coastal,No university
Small,-1.490068056,Higher,Low,East of England,Coastal,No university
Medium,3.8292772,Lower,Medium,South East,Not coastal,No university
Small,-4.099446778,Higher,Low,North East,Not coastal,No university
Small,-1.276549602,Higher,Medium,South West,Coastal,No university
Medium,-0.125421126,Higher,Medium,East of England,Not coastal,No university
Medium,2.928140371,Mid,Low,North West,Not coastal,No university
Small,2.678125793,Lower,Medium,East Midlands,Not coastal,No university
Small,-4.221030255,Higher,Low,Yorkshire and The Humber,Not coastal,No university
Medium,0.25079604,Higher,Medium,Yorkshire and The Humber,Not coastal,No university
Medium,-1.049645206,Higher,Low,North West,Not coastal,No university
Small,-3.310271828,Higher,Low,Yorkshire and The Humber,Not coastal,No university
Medium,-3.291930369,Mid,Low,South East,Not coastal,No university
Medium,7.195924607,Lower,High,South East,Not coastal,No university
Small,4.420683682,Lower,Medium,North West,Not coastal,No university
Small,6.109889871,Lower,Medium,North West,Not coastal,No university
Large,0.334593472,Higher,Low,North West,Not coastal,No university
Small,-3.697009155,Higher,Low,East of England,Not coastal,No university
Small,0.653551126,Lower,Medium,South West,Not coastal,University
Small,0.643969199,Lower,Low,East Midlands,Not coastal,No university
Medium,2.574817445,Mid,Medium,Yorkshire and The Humber,Not coastal,No university
Medium,-4.902350613,Higher,Low,North West,Not coastal,No university
Medium,0.313167691,Higher,Medium,North West,Not coastal,No university
Medium,-0.471521633,Higher,Medium,South West,Not coastal,No university
Medium,1.489914038,Mid,Medium,East Midlands,Not coastal,No university
Small,0.885540404,Lower,Medium,East Midlands,Not coastal,No university
Small,-1.876031408,Mid,Medium,West Midlands,Not coastal,No university
Medium,-1.388698309,Mid,Medium,South West,Not coastal,No university
Medium,-1.529208741,Higher,Low,North West,Not coastal,No university
Small,-2.716984223,Higher,Low,East Midlands,Not coastal,No university
Small,0.891824158,Lower,Medium,East Midlands,Not coastal,No university
Small,7.634311709,Lower,High,East of England,Not coastal,No university
Large,-0.604691758,Mid,Medium,South West,Coastal,University
Small,0.877554795,Lower,Medium,North West,Not coastal,No university
Small,0.26763157,Lower,Medium,Yorkshire and The Humber,Not coastal,No university
Medium,-3.408960683,Mid,Low,East Midlands,Not coastal,No university
Small,5.501626941,Lower,Medium,North West,Not coastal,No university
Small,0.669429645,Higher,Low,North West,Not coastal,No university
Medium,-1.195164287,Lower,Medium,South East,Not coastal,No university
Small,-4.380328788,Higher,Low,South East,Coastal,No university
Small,-4.782945513,Mid,Medium,South West,Coastal,No university
Medium,-3.41080653,Higher,Low,West Midlands,Not coastal,No university
Medium,0.498256597,Lower,Medium,South West,Coastal,No university
Large,-1.237611184,Higher,Low,North West,Coastal,No university
Medium,4.850637616,Mid,Medium,North West,Not coastal,No university
Medium,-7.571466876,Higher,Low,East of England,Coastal,No university
Medium,5.682268239,Lower,Medium,North East,Not coastal,No university
Small,1.928356753,Lower,Medium,East Midlands,Not coastal,No university
Small,0.608627229,Lower,Low,East Midlands,Not coastal,No university
Small,5.469808967,Lower,High,East of England,Not coastal,No university
Medium,-0.644104316,Lower,Medium,South East,Not coastal,No university
Small,-4.96851575,Higher,Low,East of England,Not coastal,No university
Small,-2.476689795,Higher,Low,East of England,Not coastal,No university
Small,-3.599286966,Higher,Low,East Midlands,Not coastal,No university
Small,-3.565065023,Lower,Low,South East,Not coastal,No university
Medium,-4.449183084,Higher,Low,South West,Not coastal,No university
Small,-5.351157001,Higher,Low,West Midlands,Not coastal,No university
Small,0.48103356,Lower,Medium,East of England,Not coastal,No university
Small,1.900294948,Mid,Low,North West,Not coastal,No university
Medium,-2.001725366,Higher,Low,North West,Not coastal,No university
Small,-0.295645761,Lower,Medium,East of England,Not coastal,No university
Small,1.00135873,Lower,Medium,South West,Not coastal,No university
Medium,5.531986486,Lower,Medium,East of England,Not coastal,No university
Medium,8.629809538,Lower,High,East Midlands,Not coastal,No university
Medium,-3.639792553,Higher,Low,South East,Not coastal,No university
Medium,6.147536078,Lower,High,East of England,Not coastal,No university
Small,4.536482226,Lower,Medium,Yorkshire and The Humber,Not coastal,No university
Medium,-2.284995953,Higher,Low,West Midlands,Not coastal,No university
Small,-4.851302162,Mid,Medium,South West,Not coastal,No university
Small,2.375010926,Lower,Low,West Midlands,Not coastal,No university
Medium,-5.317624146,Higher,Low,South East,Coastal,No university
Small,4.323864549,Lower,Medium,North West,Not coastal,No university
Small,-3.008213363,Lower,Low,Yorkshire and The Humber,Not coastal,No university
Small,-2.650602856,Higher,Medium,South West,Coastal,No university
Medium,7.854161076,Lower,High,North West,Not coastal,No university
Medium,0.000210947,Higher,Low,North West,Not coastal,No university
Medium,-1.60944439,Mid,Low,East Midlands,Not coastal,No university
Small,3.655602055,Lower,Medium,North West,Not coastal,No university
Medium,-3.268292547,Higher,Low,West Midlands,Not coastal,No university
Medium,-3.242825753,Higher,Low,Yorkshire and The Humber,Coastal,No university
Small,-2.90361017,Higher,Low,North West,Not coastal,No university
Small,0.379043714,Mid,Medium,North West,Not coastal,No university
Large,-3.220951054,Higher,Low,Yorkshire and The Humber,Not coastal,No university
Small,1.211313826,Higher,Low,North West,Not coastal,No university
Large,-0.270585313,Higher,Low,East of England,Not coastal,University
Medium,-1.473308801,Higher,Low,Yorkshire and The Humber,Not coastal,No university
Small,0.000845898,Lower,High,East Midlands,Not coastal,No university
Small,3.311754688,Lower,Medium,North West,Not coastal,No university
Small,-0.730642322,Mid,Medium,South West,Not coastal,No university
Medium,4.42155333,Lower,Medium,Yorkshire and The Humber,Not coastal,No university
Medium,-0.004594232,Lower,High,South East,Not coastal,No university
Small,-1.346962322,Lower,Low,South West,Not coastal,No university
Medium,3.307546809,Mid,Medium,North West,Not coastal,No university
Small,-7.603865176,Higher,Low,South East,Coastal,No university
Small,1.245370201,Lower,Medium,South West,Not coastal,No university
Medium,0.083500519,Mid,Low,East Midlands,Not coastal,No university
Small,1.710624166,Mid,Low,West Midlands,Not coastal,No university
Small,-6.328261488,Higher,Low,Yorkshire and The Humber,Not coastal,No university
Medium,4.262292065,Mid,Medium,North West,Coastal,No university
Small,-2.61960053,Higher,Medium,South West,Not coastal,No university
Small,-0.694710135,Higher,Low,North West,Not coastal,No university
Small,1.786845764,Higher,Medium,North West,Not coastal,No university
Small,-3.545088644,Higher,Low,North West,Coastal,No university
Medium,-0.267530379,Higher,Low,Yorkshire and The Humber,Coastal,No university
Medium,0.962156076,Lower,Medium,South East,Not coastal,No university
Medium,-0.018603517,Mid,Medium,Yorkshire and The Humber,Not coastal,No university
Small,3.635315029,Lower,High,South East,Not coastal,No university
Medium,-0.591112362,Higher,Low,Yorkshire and The Humber,Not coastal,No university
Medium,1.065133309,Higher,Medium,North West,Not coastal,No university
Small,-2.97809053,Higher,Medium,South West,Coastal,No university
Medium,-3.51396738,Higher,Low,North West,Not coastal,No university
Medium,-0.350180645,Higher,Low,South East,Not coastal,No university
Small,3.578455606,Lower,Medium,South East,Not coastal,No university
Small,5.137389166,Lower,Medium,South East,Not coastal,No university
Medium,-2.290606339,Higher,Low,South West,Not coastal,No university
Medium,-3.02572797,Higher,Low,North West,Coastal,No university
Small,-3.931229503,Mid,Low,East Midlands,Not coastal,No university
Small,0.857448327,Higher,Low,North West,Coastal,No university
Small,-1.4383569,Lower,Low,South West,Not coastal,No university
Small,-6.323355662,Higher,Low,North East,Not coastal,No university
Small,3.921401314,Lower,Medium,South East,Not coastal,No university
Small,-3.027883777,Mid,Low,South West,Not coastal,No university
Small,-5.199863605,Higher,Low,Yorkshire and The Humber,Not coastal,No university
Small,-7.990272297,Higher,Low,Yorkshire and The Humber,Not coastal,No university
Medium,-2.139068773,Higher,Low,Yorkshire and The Humber,Not coastal,No university
Small,-1.904359509,Mid,Low,East of England,Not coastal,No university
Small,-3.202404945,Higher,Low,East Midlands,Not coastal,No university
Medium,-7.115271286,Higher,Low,South East,Not coastal,No university
Medium,0.991929859,Mid,Low,North West,Not coastal,No university
Medium,-0.386972774,Mid,Low,East of England,Not coastal,No university
Small,2.818999959,Higher,Low,North West,Not coastal,No university
Small,-3.421269258,Higher,Low,East Midlands,Not coastal,No university
Small,-2.967645079,Higher,Low,South East,Coastal,No university
Small,-0.616120391,Lower,Medium,West Midlands,Not coastal,No university
Small,-0.946619749,Mid,Medium,South East,Coastal,No university
Small,2.611989787,Higher,Medium,North West,Not coastal,No university
Small,-1.615392673,Higher,Low,Yorkshire and The Humber,Not coastal,No university
Medium,-4.049889397,Lower,Low,South East,Not coastal,No university
Small,-2.963099327,Higher,Low,South East,Coastal,No university
Small,3.491721847,Lower,Medium,Yorkshire and The Humber,Not coastal,No university
Small,6.982570241,Lower,High,North West,Coastal,No university
Small,-2.800825142,Higher,Low,North East,Not coastal,No university
Small,-0.963323673,Mid,Low,East Midlands,Not coastal,No university
Small,1.800207789,Higher,Low,North West,Not coastal,No university
Small,2.385815574,Lower,Medium,South West,Not coastal,No university
Small,0.201122502,Lower,Medium,South East,Not coastal,No university
Small,4.995673342,Lower,High,South East,Not coastal,No university
Small,-4.069808241,Higher,Low,Yorkshire and The Humber,Not coastal,No university
Small,3.26125954,Lower,Medium,North West,Not coastal,No university
Large,-0.978485426,Higher,Medium,South West,Coastal,No university
Small,0.070505385,Higher,Low,North West,Not coastal,No university
Medium,-3.483361212,Higher,Low,South East,Not coastal,No university
Small,1.231928342,Lower,Medium,South East,Not coastal,No university
Medium,2.237234508,Mid,Medium,East of England,Not coastal,No university
Small,8.473642984,Lower,High,South East,Not coastal,No university
Small,-0.649945761,Mid,Medium,South East,Coastal,No university
Small,-4.920676695,Higher,Low,Yorkshire and The Humber,Not coastal,No university
Small,-1.458694426,Mid,Low,East Midlands,Not coastal,No university
Large,-1.178336473,Higher,Low,Yorkshire and The Humber,Not coastal,No university
Small,-5.449297195,Higher,Low,Yorkshire and The Humber,Not coastal,No university
Large,-0.392386733,Higher,Low,North East,Coastal,No university
Medium,0.665368332,Lower,Low,East of England,Not coastal,No university
Medium,5.584874286,Lower,High,South East,Not coastal,No university
Large,2.073259572,Lower,Medium,South East,Not coastal,No university
Medium,-1.847393715,Higher,Low,East Midlands,Not coastal,No university
Small,0.032916434,Lower,Medium,South East,Coastal,No university
Small,-3.411047708,Higher,Low,Yorkshire and The Humber,Not coastal,No university
Small,-3.205253713,Mid,Low,East of England,Not coastal,No university
Small,5.155674387,Lower,Medium,North West,Not coastal,No university
Medium,5.195171433,Lower,High,South East,Not coastal,No university
Small,0.916562557,Mid,Medium,North East,Not coastal,No university
Large,-0.395418516,Higher,Low,North West,Not coastal,No university
Large,5.8087493,Lower,High,East of England,Not coastal,No university
Small,-0.461972757,Higher,Low,North West,Coastal,No university
Small,1.890288135,Mid,Low,Yorkshire and The Humber,Not coastal,No university
Small,1.703262001,Lower,Medium,West Midlands,Not coastal,No university
Medium,-2.625444358,Mid,Medium,South East,Not coastal,University
Medium,-0.145896397,Higher,Low,Yorkshire and The Humber,Not coastal,No university
Medium,-1.835384484,Higher,Low,South East,Coastal,No university
Medium,-3.251116087,Lower,Low,East of England,Not coastal,No university
Medium,0.038020156,Lower,Medium,South East,Not coastal,No university
Large,-1.693627963,Higher,Low,North East,Coastal,University
Small,-1.391006749,Higher,Low,East Midlands,Not coastal,No university
Medium,6.202010294,Lower,High,South East,Not coastal,University
Large,-0.315461471,Higher,Low,North West,Not coastal,University
Large,1.949313365,Lower,High,South East,Not coastal,University
Large,-2.333315523,Higher,Low,East Midlands,Not coastal,University
Medium,-3.37095575,Higher,Low,East Midlands,Not coastal,No university
Medium,0.420375669,Mid,Low,West Midlands,Not coastal,No university
Medium,-1.278183798,Lower,Medium,South East,Not coastal,No university
Small,5.694851601,Lower,Medium,North West,Not coastal,No university
Large,2.101644111,Lower,Medium,South East,Not coastal,University
Medium,1.179483614,Lower,Medium,South East,Not coastal,No university
Medium,-0.044013779,Higher,Low,West Midlands,Not coastal,No university
Small,-4.063383026,Higher,Low,West Midlands,Not coastal,No university
Medium,-1.695798977,Higher,Low,West Midlands,Not coastal,No university
Medium,3.419350142,Lower,Medium,North West,Not coastal,No university
Medium,4.482291861,Lower,High,North West,Not coastal,No university
Large,-1.907327933,Higher,Low,South West,Not coastal,No university
Small,0.795862772,Lower,Medium,Yorkshire and The Humber,Not coastal,No university
Medium,5.864021688,Lower,Medium,East of England,Not coastal,No university
Large,-1.21953945,Higher,Low,North East,Not coastal,No university
Small,2.607961881,Lower,Medium,South East,Not coastal,No university
Medium,-4.196862089,Higher,Low,East Midlands,Not coastal,No university
Medium,-1.678143653,Higher,Low,North West,Not coastal,No university
Small,-7.104299744,Higher,Low,East of England,Not coastal,No university
Medium,-2.864618092,Mid,Medium,West Midlands,Not coastal,No university
Small,-3.105063727,Lower,Medium,East Midlands,Not coastal,No university
Large,-0.113529264,Higher,Low,East Midlands,Not coastal,No university
Medium,5.539858751,Lower,Medium,East of England,Not coastal,No university
Small,-6.037043767,Higher,Low,South West,Coastal,No university
Small,8.687991592,Lower,High,South East,Not coastal,No university
Medium,-0.807955472,Higher,Low,North East,Not coastal,No university
Medium,-2.362019947,Higher,Low,West Midlands,Not coastal,No university
Medium,-0.337151444,Lower,Medium,South East,Not coastal,No university
Small,9.301347301,Lower,High,North West,Not coastal,No university
Medium,-1.399291373,Higher,Medium,South West,Coastal,No university
Large,-1.167026008,Lower,Medium,South East,Not coastal,No university
Small,-5.403816227,Higher,Low,South West,Not coastal,No university
Small,3.797861349,Lower,High,South East,Not coastal,No university
Medium,-0.014243504,Lower,Medium,South West,Not coastal,No university
Medium,-1.551539762,Higher,Low,West Midlands,Not coastal,No university
Medium,3.708287406,Lower,High,South East,Not coastal,No university
Large,-2.178895241,Higher,Low,North West,Not coastal,University
Large,-4.05106543,Higher,Low,North West,Not coastal,No university
Small,-4.836415788,Mid,Low,East of England,Not coastal,No university
Medium,-1.843068303,Higher,Low,North West,Not coastal,No university
Large,-1.499777889,Higher,Medium,East of England,Not coastal,No university
Medium,-2.833260415,Higher,Low,North East,Coastal,No university
Large,-1.845804349,Mid,Medium,South West,Not coastal,University
Medium,-5.304883474,Higher,Low,East Midlands,Not coastal,No university
Medium,2.956932707,Lower,High,South East,Not coastal,No university
Medium,-0.607509386,Higher,Low,West Midlands,Not coastal,No university
Small,-2.380949821,Mid,Medium,North East,Not coastal,No university
Large,-4.524893803,Higher,Low,South East,Coastal,No university
Large,0.87953903,Higher,Medium,North West,Not coastal,No university
Medium,-0.019761952,Mid,Medium,West Midlands,Not coastal,No university
Small,6.194485959,Lower,High,South East,Not coastal,No university
Medium,-1.69002387,Mid,Medium,South East,Not coastal,No university
Large,6.08208782,Lower,Medium,West Midlands,Not coastal,No university
Large,-2.933200988,Higher,Low,East of England,Not coastal,University
Small,2.260009885,Higher,Low,Yorkshire and The Humber,Not coastal,No university
Small,3.867275387,Lower,Medium,Yorkshire and The Humber,Not coastal,No university
Large,-5.41965103,Higher,Low,East of England,Not coastal,No university
Medium,1.754186025,Higher,Low,East Midlands,Not coastal,No university
Small,1.42390104,Lower,Medium,South East,Not coastal,No university
Large,0.94857465,Lower,Medium,East of England,Not coastal,University
Small,8.401826191,Lower,Medium,North West,Not coastal,No university
Small,-4.430811734,Mid,Low,West Midlands,Not coastal,No university
Medium,-2.772802761,Mid,Low,South East,Not coastal,No university
Small,-7.275898747,Mid,Low,East of England,Not coastal,No university
Small,2.051194602,Lower,Medium,South East,Not coastal,No university
Small,4.063559848,Lower,Medium,East Midlands,Not coastal,No university
Large,3.941592707,Lower,Medium,South East,Not coastal,No university
Medium,0.812772287,Mid,Medium,South East,Not coastal,No university
Medium,2.864376637,Lower,Medium,South East,Not coastal,No university
Small,1.810213402,Lower,Medium,Yorkshire and The Humber,Not coastal,No university
Small,-3.075401189,Higher,Low,East Midlands,Not coastal,No university
Medium,-0.192779991,Higher,Low,North West,Not coastal,No university
Medium,-3.134681857,Higher,Low,East Midlands,Not coastal,No university
Large,-2.608572746,Higher,Low,West Midlands,Not coastal,No university
Medium,1.184695615,Mid,Low,South East,Not coastal,No university
Medium,0.707683043,Lower,Medium,South East,Not coastal,University
Large,-0.921340992,Higher,Low,West Midlands,Not coastal,University
Medium,0.939761686,Lower,Medium,South East,Not coastal,No university
Medium,-4.248263303,Higher,Low,South West,Coastal,No university
Medium,-1.370497847,Higher,Low,South West,Coastal,No university
Large,-4.230230033,Higher,Low,Yorkshire and The Humber,Coastal,No university
Small,4.226679705,Lower,Medium,East Midlands,Not coastal,No university
Large,-1.649922599,Higher,Low,South West,Coastal,No university
Medium,1.863838366,Lower,Medium,East Midlands,Not coastal,No university
Medium,1.848750453,Lower,Medium,West Midlands,Not coastal,No university
Medium,0.105832143,Lower,Medium,South West,Not coastal,University
Medium,0.269932299,Mid,Medium,West Midlands,Not coastal,University
Small,-1.622388812,Lower,Low,South East,Not coastal,No university
Large,-2.558529299,Higher,Low,Yorkshire and The Humber,Not coastal,No university
Medium,-0.307191378,Higher,Low,North West,Not coastal,No university
Large,-2.974283833,Higher,Low,East Midlands,Not coastal,No university
Medium,-3.510452167,Higher,Low,East Midlands,Not coastal,No university
Medium,1.845068827,Mid,Medium,North West,Not coastal,No university
Small,-1.80935831,Lower,Medium,South East,Not coastal,No university
Small,3.478766662,Lower,Medium,North West,Not coastal,No university
Medium,1.887360609,Mid,Medium,South West,Not coastal,No university
Medium,-0.646814835,Higher,Medium,North West,Not coastal,No university
Large,-2.725442527,Higher,Low,East of England,Not coastal,No university
Medium,5.85280724,Lower,High,South East,Not coastal,No university
Medium,-2.735907801,Mid,Low,West Midlands,Not coastal,No university
Small,5.578225985,Lower,Medium,North West,Not coastal,No university
Medium,1.590340639,Lower,Medium,South East,Not coastal,No university
Large,1.065438284,Higher,Medium,South East,Not coastal,No university
Medium,-0.422807617,Higher,Medium,North East,Coastal,No university
Medium,-3.910234467,Higher,Low,East Midlands,Not coastal,No university
Large,-0.347520473,Mid,Medium,East of England,Not coastal,University
Small,2.520143131,Lower,Medium,South West,Not coastal,No university
Small,0.535576067,Lower,Medium,South East,Not coastal,No university
Medium,-6.719105219,Higher,Low,South East,Coastal,No university
Medium,-0.572707818,Mid,Low,North East,Not coastal,No university
Medium,-0.730646543,Higher,Low,East Midlands,Not coastal,No university
Medium,-2.719940087,Higher,Low,Yorkshire and The Humber,Not coastal,No university
Medium,1.662574397,Higher,Low,North East,Not coastal,No university
Small,4.536116811,Lower,Medium,East of England,Not coastal,No university
Medium,3.382407391,Lower,High,South East,Not coastal,No university
Small,-4.122655533,Higher,Low,South East,Coastal,No university
Small,6.131528057,Lower,Medium,Yorkshire and The Humber,Not coastal,University
Small,8.608192498,Lower,High,North West,Coastal,No university
Large,1.641847199,Lower,Low,East of England,Not coastal,No university
Large,0.54457022,Higher,Low,North West,Not coastal,No university
Small,-4.786682178,Higher,Low,North West,Not coastal,No university
Small,-8.709049788,Higher,Low,North East,Not coastal,No university
Large,-2.322986391,Higher,Low,North East,Not coastal,University
Small,-0.181586177,Higher,Low,East of England,Not coastal,No university
Medium,0.495638768,Higher,Medium,North East,Not coastal,No university
Small,1.415224113,Higher,Low,North West,Not coastal,No university
Large,-2.221002178,Higher,Low,East of England,Not coastal,No university
Large,-4.322467679,Higher,Low,North West,Not coastal,University
Medium,0.79431068,Lower,Medium,West Midlands,Not coastal,No university
Small,5.236373241,Lower,Medium,North West,Not coastal,No university
Medium,-5.232152906,Higher,Low,North East,Not coastal,No university
Medium,-1.450462853,Higher,Low,South East,Coastal,No university
Small,-2.499399669,Higher,Low,West Midlands,Not coastal,No university
Medium,-1.889132946,Higher,Low,North East,Not coastal,No university
Large,0.625556623,Higher,Medium,Yorkshire and The Humber,Not coastal,University
Small,-5.607341942,Higher,Low,East of England,Coastal,No university
Large,1.211654963,Lower,High,East of England,Not coastal,University
Small,-2.026479746,Higher,Low,North West,Not coastal,No university
Medium,6.106349368,Lower,High,South East,Not coastal,No university
Medium,1.695496391,Mid,Medium,East Midlands,Not coastal,No university
Medium,0.670209623,Mid,Low,East of England,Not coastal,No university
Small,-0.814707483,Higher,Low,East Midlands,Not coastal,No university
Large,1.270060363,Higher,Low,North West,Not coastal,No university
Small,-2.006579212,Higher,Low,South West,Not coastal,No university
Medium,8.137930036,Lower,High,South East,Not coastal,No university
Small,-0.911150371,Mid,Low,South East,Not coastal,No university
Small,5.360138644,Lower,Medium,Yorkshire and The Humber,Not coastal,No university
Medium,4.140431579,Lower,Medium,South East,Not coastal,No university
Small,7.06093098,Lower,High,South West,Not coastal,No university
Small,-7.336425751,Higher,Low,East of England,Coastal,No university
Medium,-2.294227405,Higher,Low,North West,Not coastal,No university
Medium,-0.237026997,Higher,Low,North East,Not coastal,No university
Medium,-3.027107029,Higher,Low,North West,Not coastal,No university
Medium,5.606123897,Lower,Medium,East of England,Not coastal,No university
Small,-1.216291898,Mid,Medium,North West,Not coastal,No university
Large,1.087110993,Higher,Low,West Midlands,Not coastal,No university
Large,-2.140764342,Mid,Low,South West,Not coastal,No university
Medium,-0.934913142,Higher,Low,West Midlands,Not coastal,No university
Large,-2.146896435,Mid,High,South East,Not coastal,University
Medium,-3.907574596,Mid,Low,South East,Coastal,No university
Medium,-1.750225905,Higher,Low,South East,Not coastal,No university
Small,-4.396909731,Higher,Low,Yorkshire and The Humber,Not coastal,No university
Large,-0.892601732,Mid,Medium,East of England,Not coastal,No university
Small,-0.301092555,Higher,Low,North West,Not coastal,No university
Large,-3.678350423,Higher,Low,East Midlands,Not coastal,University
Large,-0.246790008,Mid,Medium,West Midlands,Not coastal,University
Small,-2.008851089,Mid,Low,East of England,Not coastal,No university
Medium,-0.801266586,Mid,Low,East of England,Not coastal,No university
Large,0.39812194,Higher,Low,Yorkshire and The Humber,Not coastal,No university
Small,-3.653296949,Mid,Low,East of England,Not coastal,No university
Medium,-3.594334095,Higher,Low,South East,Coastal,No university
Small,4.813053992,Lower,High,South East,Not coastal,No university
Small,1.163167949,Lower,Medium,South East,Not coastal,No university
Medium,-0.88303807,Lower,Medium,South East,Not coastal,No university
Small,0.671596851,Lower,Medium,West Midlands,Not coastal,No university
Small,-1.30671782,Mid,Low,South West,Not coastal,No university
Small,-3.688235156,Higher,Low,East Midlands,Not coastal,No university
Small,5.203911561,Lower,Medium,South West,Not coastal,No university
Large,-2.089855549,Higher,Low,North West,Coastal,No university
Large,0.435286387,Higher,Low,Yorkshire and The Humber,Not coastal,No university
Small,-5.445295263,Higher,Low,South West,Coastal,No university
Medium,-4.220376739,Mid,Low,South East,Coastal,No university
Small,4.453122958,Lower,Low,North West,Coastal,No university
Medium,-2.41757272,Higher,Low,North East,Not coastal,No university
Small,-4.095912481,Higher,Low,Yorkshire and The Humber,Not coastal,No university
Small,-3.782993531,Higher,Low,North East,Not coastal,No university
Medium,-2.169529438,Higher,Low,South East,Coastal,No university
Small,-0.734586109,Lower,Medium,South East,Not coastal,No university
Medium,3.357512952,Lower,High,South East,Not coastal,No university
Medium,-3.484130585,Higher,Low,West Midlands,Not coastal,No university
Medium,5.319393171,Lower,High,North East,Coastal,No university
Medium,-2.359151642,Lower,Medium,South East,Not coastal,No university
Medium,-4.984540922,Higher,Low,East Midlands,Not coastal,No university
Small,-1.510543843,Mid,Medium,West Midlands,Not coastal,No university
Large,-1.920184466,Higher,Low,North West,Not coastal,No university
Large,-2.501696064,Higher,Low,North East,Not coastal,No university
Medium,4.452360301,Lower,Medium,East of England,Not coastal,No university
Small,9.860231636,Lower,High,Yorkshire and The Humber,Not coastal,No university
Large,0.399812927,Mid,Medium,South East,Not coastal,University
Medium,2.486984227,Lower,Medium,South East,Not coastal,No university
Small,1.564259381,Lower,Medium,South East,Not coastal,No university
Medium,1.266553731,Mid,Medium,East of England,Not coastal,No university
Large,0.341824042,Mid,Medium,South East,Not coastal,University
Large,-0.29414288,Higher,Low,West Midlands,Not coastal,No university
Large,-0.81093526,Higher,Medium,North West,Not coastal,University
